play_id,name,missing_or_unaudited_field
play-german-axe-and-mace-behind-the-shield,Behind the Shield,historical_identity.historical_confidence
play-german-axe-and-mace-behind-the-shield,Behind the Shield,historical_identity.source_citations.exact_historical_location
play-german-axe-and-mace-behind-the-shield,Behind the Shield,game_implementation.character_sheet_test_skill
play-german-axe-and-mace-behind-the-shield,Behind the Shield,game_implementation.secondary_skill_prerequisites
play-german-axe-and-mace-behind-the-shield,Behind the Shield,game_implementation.weapon_requirements
play-german-axe-and-mace-behind-the-shield,Behind the Shield,game_implementation.off_hand_requirement
play-german-axe-and-mace-behind-the-shield,Behind the Shield,game_implementation.timing.category
play-german-axe-and-mace-behind-the-shield,Behind the Shield,game_implementation.mechanics.learn_requirements
play-german-axe-and-mace-behind-the-shield,Behind the Shield,game_implementation.mechanics.use_conditions
play-german-axe-and-mace-behind-the-shield,Behind the Shield,game_implementation.mechanics.action_relationship
play-german-axe-and-mace-behind-the-shield,Behind the Shield,game_implementation.mechanics.spiritus_cost
play-german-axe-and-mace-behind-the-shield,Behind the Shield,game_implementation.mechanics.test_resolution
play-german-axe-and-mace-behind-the-shield,Behind the Shield,game_implementation.mechanics.defence
play-german-axe-and-mace-behind-the-shield,Behind the Shield,game_implementation.mechanics.success
play-german-axe-and-mace-behind-the-shield,Behind the Shield,game_implementation.mechanics.failure
play-german-axe-and-mace-behind-the-shield,Behind the Shield,game_implementation.mechanics.aftermath
play-german-axe-and-mace-behind-the-shield,Behind the Shield,game_implementation.mechanics.limits
play-german-axe-and-mace-cast-the-mace,Cast the Mace,historical_identity.historical_confidence
play-german-axe-and-mace-cast-the-mace,Cast the Mace,historical_identity.source_citations.exact_historical_location
play-german-axe-and-mace-cast-the-mace,Cast the Mace,game_implementation.character_sheet_test_skill
play-german-axe-and-mace-cast-the-mace,Cast the Mace,game_implementation.secondary_skill_prerequisites
play-german-axe-and-mace-cast-the-mace,Cast the Mace,game_implementation.weapon_requirements
play-german-axe-and-mace-cast-the-mace,Cast the Mace,game_implementation.off_hand_requirement
play-german-axe-and-mace-cast-the-mace,Cast the Mace,game_implementation.timing.category
play-german-axe-and-mace-cast-the-mace,Cast the Mace,game_implementation.mechanics.learn_requirements
play-german-axe-and-mace-cast-the-mace,Cast the Mace,game_implementation.mechanics.use_conditions
play-german-axe-and-mace-cast-the-mace,Cast the Mace,game_implementation.mechanics.action_relationship
play-german-axe-and-mace-cast-the-mace,Cast the Mace,game_implementation.mechanics.spiritus_cost
play-german-axe-and-mace-cast-the-mace,Cast the Mace,game_implementation.mechanics.test_resolution
play-german-axe-and-mace-cast-the-mace,Cast the Mace,game_implementation.mechanics.defence
play-german-axe-and-mace-cast-the-mace,Cast the Mace,game_implementation.mechanics.success
play-german-axe-and-mace-cast-the-mace,Cast the Mace,game_implementation.mechanics.failure
play-german-axe-and-mace-cast-the-mace,Cast the Mace,game_implementation.mechanics.aftermath
play-german-axe-and-mace-cast-the-mace,Cast the Mace,game_implementation.mechanics.limits
play-german-axe-and-mace-follow-the-cast,Follow the Cast,historical_identity.historical_confidence
play-german-axe-and-mace-follow-the-cast,Follow the Cast,historical_identity.source_citations.exact_historical_location
play-german-axe-and-mace-follow-the-cast,Follow the Cast,game_implementation.character_sheet_test_skill
play-german-axe-and-mace-follow-the-cast,Follow the Cast,game_implementation.secondary_skill_prerequisites
play-german-axe-and-mace-follow-the-cast,Follow the Cast,game_implementation.weapon_requirements
play-german-axe-and-mace-follow-the-cast,Follow the Cast,game_implementation.off_hand_requirement
play-german-axe-and-mace-follow-the-cast,Follow the Cast,game_implementation.timing.category
play-german-axe-and-mace-follow-the-cast,Follow the Cast,game_implementation.mechanics.learn_requirements
play-german-axe-and-mace-follow-the-cast,Follow the Cast,game_implementation.mechanics.use_conditions
play-german-axe-and-mace-follow-the-cast,Follow the Cast,game_implementation.mechanics.action_relationship
play-german-axe-and-mace-follow-the-cast,Follow the Cast,game_implementation.mechanics.spiritus_cost
play-german-axe-and-mace-follow-the-cast,Follow the Cast,game_implementation.mechanics.test_resolution
play-german-axe-and-mace-follow-the-cast,Follow the Cast,game_implementation.mechanics.defence
play-german-axe-and-mace-follow-the-cast,Follow the Cast,game_implementation.mechanics.success
play-german-axe-and-mace-follow-the-cast,Follow the Cast,game_implementation.mechanics.failure
play-german-axe-and-mace-follow-the-cast,Follow the Cast,game_implementation.mechanics.aftermath
play-german-axe-and-mace-follow-the-cast,Follow the Cast,game_implementation.mechanics.limits
play-german-axe-and-mace-haft-and-arm-throw,Haft-and-Arm Throw,historical_identity.historical_confidence
play-german-axe-and-mace-haft-and-arm-throw,Haft-and-Arm Throw,historical_identity.source_citations.exact_historical_location
play-german-axe-and-mace-haft-and-arm-throw,Haft-and-Arm Throw,game_implementation.character_sheet_test_skill
play-german-axe-and-mace-haft-and-arm-throw,Haft-and-Arm Throw,game_implementation.secondary_skill_prerequisites
play-german-axe-and-mace-haft-and-arm-throw,Haft-and-Arm Throw,game_implementation.weapon_requirements
play-german-axe-and-mace-haft-and-arm-throw,Haft-and-Arm Throw,game_implementation.off_hand_requirement
play-german-axe-and-mace-haft-and-arm-throw,Haft-and-Arm Throw,game_implementation.timing.category
play-german-axe-and-mace-haft-and-arm-throw,Haft-and-Arm Throw,game_implementation.mechanics.learn_requirements
play-german-axe-and-mace-haft-and-arm-throw,Haft-and-Arm Throw,game_implementation.mechanics.use_conditions
play-german-axe-and-mace-haft-and-arm-throw,Haft-and-Arm Throw,game_implementation.mechanics.action_relationship
play-german-axe-and-mace-haft-and-arm-throw,Haft-and-Arm Throw,game_implementation.mechanics.spiritus_cost
play-german-axe-and-mace-haft-and-arm-throw,Haft-and-Arm Throw,game_implementation.mechanics.test_resolution
play-german-axe-and-mace-haft-and-arm-throw,Haft-and-Arm Throw,game_implementation.mechanics.defence
play-german-axe-and-mace-haft-and-arm-throw,Haft-and-Arm Throw,game_implementation.mechanics.success
play-german-axe-and-mace-haft-and-arm-throw,Haft-and-Arm Throw,game_implementation.mechanics.failure
play-german-axe-and-mace-haft-and-arm-throw,Haft-and-Arm Throw,game_implementation.mechanics.aftermath
play-german-axe-and-mace-haft-and-arm-throw,Haft-and-Arm Throw,game_implementation.mechanics.limits
play-german-axe-and-mace-hook-and-tear,Hook and Tear,historical_identity.historical_confidence
play-german-axe-and-mace-hook-and-tear,Hook and Tear,historical_identity.source_citations.exact_historical_location
play-german-axe-and-mace-hook-and-tear,Hook and Tear,game_implementation.character_sheet_test_skill
play-german-axe-and-mace-hook-and-tear,Hook and Tear,game_implementation.secondary_skill_prerequisites
play-german-axe-and-mace-hook-and-tear,Hook and Tear,game_implementation.weapon_requirements
play-german-axe-and-mace-hook-and-tear,Hook and Tear,game_implementation.off_hand_requirement
play-german-axe-and-mace-hook-and-tear,Hook and Tear,game_implementation.timing.category
play-german-axe-and-mace-hook-and-tear,Hook and Tear,game_implementation.mechanics.learn_requirements
play-german-axe-and-mace-hook-and-tear,Hook and Tear,game_implementation.mechanics.use_conditions
play-german-axe-and-mace-hook-and-tear,Hook and Tear,game_implementation.mechanics.action_relationship
play-german-axe-and-mace-hook-and-tear,Hook and Tear,game_implementation.mechanics.spiritus_cost
play-german-axe-and-mace-hook-and-tear,Hook and Tear,game_implementation.mechanics.test_resolution
play-german-axe-and-mace-hook-and-tear,Hook and Tear,game_implementation.mechanics.defence
play-german-axe-and-mace-hook-and-tear,Hook and Tear,game_implementation.mechanics.success
play-german-axe-and-mace-hook-and-tear,Hook and Tear,game_implementation.mechanics.failure
play-german-axe-and-mace-hook-and-tear,Hook and Tear,game_implementation.mechanics.aftermath
play-german-axe-and-mace-hook-and-tear,Hook and Tear,game_implementation.mechanics.limits
play-german-axe-and-mace-overhand-death-blow,Overhand Death Blow,historical_identity.historical_confidence
play-german-axe-and-mace-overhand-death-blow,Overhand Death Blow,historical_identity.source_citations.exact_historical_location
play-german-axe-and-mace-overhand-death-blow,Overhand Death Blow,game_implementation.character_sheet_test_skill
play-german-axe-and-mace-overhand-death-blow,Overhand Death Blow,game_implementation.secondary_skill_prerequisites
play-german-axe-and-mace-overhand-death-blow,Overhand Death Blow,game_implementation.weapon_requirements
play-german-axe-and-mace-overhand-death-blow,Overhand Death Blow,game_implementation.off_hand_requirement
play-german-axe-and-mace-overhand-death-blow,Overhand Death Blow,game_implementation.timing.category
play-german-axe-and-mace-overhand-death-blow,Overhand Death Blow,game_implementation.mechanics.learn_requirements
play-german-axe-and-mace-overhand-death-blow,Overhand Death Blow,game_implementation.mechanics.use_conditions
play-german-axe-and-mace-overhand-death-blow,Overhand Death Blow,game_implementation.mechanics.action_relationship
play-german-axe-and-mace-overhand-death-blow,Overhand Death Blow,game_implementation.mechanics.spiritus_cost
play-german-axe-and-mace-overhand-death-blow,Overhand Death Blow,game_implementation.mechanics.test_resolution
play-german-axe-and-mace-overhand-death-blow,Overhand Death Blow,game_implementation.mechanics.defence
play-german-axe-and-mace-overhand-death-blow,Overhand Death Blow,game_implementation.mechanics.success
play-german-axe-and-mace-overhand-death-blow,Overhand Death Blow,game_implementation.mechanics.failure
play-german-axe-and-mace-overhand-death-blow,Overhand Death Blow,game_implementation.mechanics.aftermath
play-german-axe-and-mace-overhand-death-blow,Overhand Death Blow,game_implementation.mechanics.limits
play-german-axe-and-mace-shield-separation,Shield Separation,historical_identity.historical_confidence
play-german-axe-and-mace-shield-separation,Shield Separation,historical_identity.source_citations.exact_historical_location
play-german-axe-and-mace-shield-separation,Shield Separation,game_implementation.character_sheet_test_skill
play-german-axe-and-mace-shield-separation,Shield Separation,game_implementation.secondary_skill_prerequisites
play-german-axe-and-mace-shield-separation,Shield Separation,game_implementation.weapon_requirements
play-german-axe-and-mace-shield-separation,Shield Separation,game_implementation.off_hand_requirement
play-german-axe-and-mace-shield-separation,Shield Separation,game_implementation.timing.category
play-german-axe-and-mace-shield-separation,Shield Separation,game_implementation.mechanics.learn_requirements
play-german-axe-and-mace-shield-separation,Shield Separation,game_implementation.mechanics.use_conditions
play-german-axe-and-mace-shield-separation,Shield Separation,game_implementation.mechanics.action_relationship
play-german-axe-and-mace-shield-separation,Shield Separation,game_implementation.mechanics.spiritus_cost
play-german-axe-and-mace-shield-separation,Shield Separation,game_implementation.mechanics.test_resolution
play-german-axe-and-mace-shield-separation,Shield Separation,game_implementation.mechanics.defence
play-german-axe-and-mace-shield-separation,Shield Separation,game_implementation.mechanics.success
play-german-axe-and-mace-shield-separation,Shield Separation,game_implementation.mechanics.failure
play-german-axe-and-mace-shield-separation,Shield Separation,game_implementation.mechanics.aftermath
play-german-axe-and-mace-shield-separation,Shield Separation,game_implementation.mechanics.limits
play-german-axe-and-mace-strike-the-hands,Strike the Hands,historical_identity.historical_confidence
play-german-axe-and-mace-strike-the-hands,Strike the Hands,historical_identity.source_citations.exact_historical_location
play-german-axe-and-mace-strike-the-hands,Strike the Hands,game_implementation.character_sheet_test_skill
play-german-axe-and-mace-strike-the-hands,Strike the Hands,game_implementation.secondary_skill_prerequisites
play-german-axe-and-mace-strike-the-hands,Strike the Hands,game_implementation.weapon_requirements
play-german-axe-and-mace-strike-the-hands,Strike the Hands,game_implementation.off_hand_requirement
play-german-axe-and-mace-strike-the-hands,Strike the Hands,game_implementation.timing.category
play-german-axe-and-mace-strike-the-hands,Strike the Hands,game_implementation.mechanics.learn_requirements
play-german-axe-and-mace-strike-the-hands,Strike the Hands,game_implementation.mechanics.use_conditions
play-german-axe-and-mace-strike-the-hands,Strike the Hands,game_implementation.mechanics.action_relationship
play-german-axe-and-mace-strike-the-hands,Strike the Hands,game_implementation.mechanics.spiritus_cost
play-german-axe-and-mace-strike-the-hands,Strike the Hands,game_implementation.mechanics.test_resolution
play-german-axe-and-mace-strike-the-hands,Strike the Hands,game_implementation.mechanics.defence
play-german-axe-and-mace-strike-the-hands,Strike the Hands,game_implementation.mechanics.success
play-german-axe-and-mace-strike-the-hands,Strike the Hands,game_implementation.mechanics.failure
play-german-axe-and-mace-strike-the-hands,Strike the Hands,game_implementation.mechanics.aftermath
play-german-axe-and-mace-strike-the-hands,Strike the Hands,game_implementation.mechanics.limits
play-german-dagger-arm-break,Arm Break,historical_identity.historical_confidence
play-german-dagger-arm-break,Arm Break,historical_identity.source_citations.exact_historical_location
play-german-dagger-arm-break,Arm Break,game_implementation.character_sheet_test_skill
play-german-dagger-arm-break,Arm Break,game_implementation.secondary_skill_prerequisites
play-german-dagger-arm-break,Arm Break,game_implementation.weapon_requirements
play-german-dagger-arm-break,Arm Break,game_implementation.off_hand_requirement
play-german-dagger-arm-break,Arm Break,game_implementation.timing.category
play-german-dagger-arm-break,Arm Break,game_implementation.mechanics.learn_requirements
play-german-dagger-arm-break,Arm Break,game_implementation.mechanics.use_conditions
play-german-dagger-arm-break,Arm Break,game_implementation.mechanics.action_relationship
play-german-dagger-arm-break,Arm Break,game_implementation.mechanics.spiritus_cost
play-german-dagger-arm-break,Arm Break,game_implementation.mechanics.test_resolution
play-german-dagger-arm-break,Arm Break,game_implementation.mechanics.defence
play-german-dagger-arm-break,Arm Break,game_implementation.mechanics.success
play-german-dagger-arm-break,Arm Break,game_implementation.mechanics.failure
play-german-dagger-arm-break,Arm Break,game_implementation.mechanics.aftermath
play-german-dagger-arm-break,Arm Break,game_implementation.mechanics.limits
play-german-dagger-dagger-wrap-throw,Dagger-Wrap Throw,historical_identity.historical_confidence
play-german-dagger-dagger-wrap-throw,Dagger-Wrap Throw,historical_identity.source_citations.exact_historical_location
play-german-dagger-dagger-wrap-throw,Dagger-Wrap Throw,game_implementation.character_sheet_test_skill
play-german-dagger-dagger-wrap-throw,Dagger-Wrap Throw,game_implementation.secondary_skill_prerequisites
play-german-dagger-dagger-wrap-throw,Dagger-Wrap Throw,game_implementation.weapon_requirements
play-german-dagger-dagger-wrap-throw,Dagger-Wrap Throw,game_implementation.off_hand_requirement
play-german-dagger-dagger-wrap-throw,Dagger-Wrap Throw,game_implementation.timing.category
play-german-dagger-dagger-wrap-throw,Dagger-Wrap Throw,game_implementation.mechanics.learn_requirements
play-german-dagger-dagger-wrap-throw,Dagger-Wrap Throw,game_implementation.mechanics.use_conditions
play-german-dagger-dagger-wrap-throw,Dagger-Wrap Throw,game_implementation.mechanics.action_relationship
play-german-dagger-dagger-wrap-throw,Dagger-Wrap Throw,game_implementation.mechanics.spiritus_cost
play-german-dagger-dagger-wrap-throw,Dagger-Wrap Throw,game_implementation.mechanics.test_resolution
play-german-dagger-dagger-wrap-throw,Dagger-Wrap Throw,game_implementation.mechanics.defence
play-german-dagger-dagger-wrap-throw,Dagger-Wrap Throw,game_implementation.mechanics.success
play-german-dagger-dagger-wrap-throw,Dagger-Wrap Throw,game_implementation.mechanics.failure
play-german-dagger-dagger-wrap-throw,Dagger-Wrap Throw,game_implementation.mechanics.aftermath
play-german-dagger-dagger-wrap-throw,Dagger-Wrap Throw,game_implementation.mechanics.limits
play-german-dagger-free-stab-from-the-roof,Free Stab from the Roof,historical_identity.historical_confidence
play-german-dagger-free-stab-from-the-roof,Free Stab from the Roof,historical_identity.source_citations.exact_historical_location
play-german-dagger-free-stab-from-the-roof,Free Stab from the Roof,game_implementation.character_sheet_test_skill
play-german-dagger-free-stab-from-the-roof,Free Stab from the Roof,game_implementation.secondary_skill_prerequisites
play-german-dagger-free-stab-from-the-roof,Free Stab from the Roof,game_implementation.weapon_requirements
play-german-dagger-free-stab-from-the-roof,Free Stab from the Roof,game_implementation.off_hand_requirement
play-german-dagger-free-stab-from-the-roof,Free Stab from the Roof,game_implementation.timing.category
play-german-dagger-free-stab-from-the-roof,Free Stab from the Roof,game_implementation.mechanics.learn_requirements
play-german-dagger-free-stab-from-the-roof,Free Stab from the Roof,game_implementation.mechanics.use_conditions
play-german-dagger-free-stab-from-the-roof,Free Stab from the Roof,game_implementation.mechanics.action_relationship
play-german-dagger-free-stab-from-the-roof,Free Stab from the Roof,game_implementation.mechanics.spiritus_cost
play-german-dagger-free-stab-from-the-roof,Free Stab from the Roof,game_implementation.mechanics.test_resolution
play-german-dagger-free-stab-from-the-roof,Free Stab from the Roof,game_implementation.mechanics.defence
play-german-dagger-free-stab-from-the-roof,Free Stab from the Roof,game_implementation.mechanics.success
play-german-dagger-free-stab-from-the-roof,Free Stab from the Roof,game_implementation.mechanics.failure
play-german-dagger-free-stab-from-the-roof,Free Stab from the Roof,game_implementation.mechanics.aftermath
play-german-dagger-free-stab-from-the-roof,Free Stab from the Roof,game_implementation.mechanics.limits
play-german-dagger-lower-shield,Lower Shield,historical_identity.historical_confidence
play-german-dagger-lower-shield,Lower Shield,historical_identity.source_citations.exact_historical_location
play-german-dagger-lower-shield,Lower Shield,game_implementation.character_sheet_test_skill
play-german-dagger-lower-shield,Lower Shield,game_implementation.secondary_skill_prerequisites
play-german-dagger-lower-shield,Lower Shield,game_implementation.weapon_requirements
play-german-dagger-lower-shield,Lower Shield,game_implementation.off_hand_requirement
play-german-dagger-lower-shield,Lower Shield,game_implementation.timing.category
play-german-dagger-lower-shield,Lower Shield,game_implementation.mechanics.learn_requirements
play-german-dagger-lower-shield,Lower Shield,game_implementation.mechanics.use_conditions
play-german-dagger-lower-shield,Lower Shield,game_implementation.mechanics.action_relationship
play-german-dagger-lower-shield,Lower Shield,game_implementation.mechanics.spiritus_cost
play-german-dagger-lower-shield,Lower Shield,game_implementation.mechanics.test_resolution
play-german-dagger-lower-shield,Lower Shield,game_implementation.mechanics.defence
play-german-dagger-lower-shield,Lower Shield,game_implementation.mechanics.success
play-german-dagger-lower-shield,Lower Shield,game_implementation.mechanics.failure
play-german-dagger-lower-shield,Lower Shield,game_implementation.mechanics.aftermath
play-german-dagger-lower-shield,Lower Shield,game_implementation.mechanics.limits
play-german-dagger-reversed-throw,Reversed Throw,historical_identity.historical_confidence
play-german-dagger-reversed-throw,Reversed Throw,historical_identity.source_citations.exact_historical_location
play-german-dagger-reversed-throw,Reversed Throw,game_implementation.character_sheet_test_skill
play-german-dagger-reversed-throw,Reversed Throw,game_implementation.secondary_skill_prerequisites
play-german-dagger-reversed-throw,Reversed Throw,game_implementation.weapon_requirements
play-german-dagger-reversed-throw,Reversed Throw,game_implementation.off_hand_requirement
play-german-dagger-reversed-throw,Reversed Throw,game_implementation.timing.category
play-german-dagger-reversed-throw,Reversed Throw,game_implementation.mechanics.learn_requirements
play-german-dagger-reversed-throw,Reversed Throw,game_implementation.mechanics.use_conditions
play-german-dagger-reversed-throw,Reversed Throw,game_implementation.mechanics.action_relationship
play-german-dagger-reversed-throw,Reversed Throw,game_implementation.mechanics.spiritus_cost
play-german-dagger-reversed-throw,Reversed Throw,game_implementation.mechanics.test_resolution
play-german-dagger-reversed-throw,Reversed Throw,game_implementation.mechanics.defence
play-german-dagger-reversed-throw,Reversed Throw,game_implementation.mechanics.success
play-german-dagger-reversed-throw,Reversed Throw,game_implementation.mechanics.failure
play-german-dagger-reversed-throw,Reversed Throw,game_implementation.mechanics.aftermath
play-german-dagger-reversed-throw,Reversed Throw,game_implementation.mechanics.limits
play-german-dagger-take-dagger-with-dagger,Take Dagger with Dagger,historical_identity.historical_confidence
play-german-dagger-take-dagger-with-dagger,Take Dagger with Dagger,historical_identity.source_citations.exact_historical_location
play-german-dagger-take-dagger-with-dagger,Take Dagger with Dagger,game_implementation.character_sheet_test_skill
play-german-dagger-take-dagger-with-dagger,Take Dagger with Dagger,game_implementation.secondary_skill_prerequisites
play-german-dagger-take-dagger-with-dagger,Take Dagger with Dagger,game_implementation.weapon_requirements
play-german-dagger-take-dagger-with-dagger,Take Dagger with Dagger,game_implementation.off_hand_requirement
play-german-dagger-take-dagger-with-dagger,Take Dagger with Dagger,game_implementation.timing.category
play-german-dagger-take-dagger-with-dagger,Take Dagger with Dagger,game_implementation.mechanics.learn_requirements
play-german-dagger-take-dagger-with-dagger,Take Dagger with Dagger,game_implementation.mechanics.use_conditions
play-german-dagger-take-dagger-with-dagger,Take Dagger with Dagger,game_implementation.mechanics.action_relationship
play-german-dagger-take-dagger-with-dagger,Take Dagger with Dagger,game_implementation.mechanics.spiritus_cost
play-german-dagger-take-dagger-with-dagger,Take Dagger with Dagger,game_implementation.mechanics.test_resolution
play-german-dagger-take-dagger-with-dagger,Take Dagger with Dagger,game_implementation.mechanics.defence
play-german-dagger-take-dagger-with-dagger,Take Dagger with Dagger,game_implementation.mechanics.success
play-german-dagger-take-dagger-with-dagger,Take Dagger with Dagger,game_implementation.mechanics.failure
play-german-dagger-take-dagger-with-dagger,Take Dagger with Dagger,game_implementation.mechanics.aftermath
play-german-dagger-take-dagger-with-dagger,Take Dagger with Dagger,game_implementation.mechanics.limits
play-german-dagger-throw-dagger-and-rush,Throw Dagger and Rush,historical_identity.historical_confidence
play-german-dagger-throw-dagger-and-rush,Throw Dagger and Rush,historical_identity.source_citations.exact_historical_location
play-german-dagger-throw-dagger-and-rush,Throw Dagger and Rush,game_implementation.character_sheet_test_skill
play-german-dagger-throw-dagger-and-rush,Throw Dagger and Rush,game_implementation.secondary_skill_prerequisites
play-german-dagger-throw-dagger-and-rush,Throw Dagger and Rush,game_implementation.weapon_requirements
play-german-dagger-throw-dagger-and-rush,Throw Dagger and Rush,game_implementation.off_hand_requirement
play-german-dagger-throw-dagger-and-rush,Throw Dagger and Rush,game_implementation.timing.category
play-german-dagger-throw-dagger-and-rush,Throw Dagger and Rush,game_implementation.mechanics.learn_requirements
play-german-dagger-throw-dagger-and-rush,Throw Dagger and Rush,game_implementation.mechanics.use_conditions
play-german-dagger-throw-dagger-and-rush,Throw Dagger and Rush,game_implementation.mechanics.action_relationship
play-german-dagger-throw-dagger-and-rush,Throw Dagger and Rush,game_implementation.mechanics.spiritus_cost
play-german-dagger-throw-dagger-and-rush,Throw Dagger and Rush,game_implementation.mechanics.test_resolution
play-german-dagger-throw-dagger-and-rush,Throw Dagger and Rush,game_implementation.mechanics.defence
play-german-dagger-throw-dagger-and-rush,Throw Dagger and Rush,game_implementation.mechanics.success
play-german-dagger-throw-dagger-and-rush,Throw Dagger and Rush,game_implementation.mechanics.failure
play-german-dagger-throw-dagger-and-rush,Throw Dagger and Rush,game_implementation.mechanics.aftermath
play-german-dagger-throw-dagger-and-rush,Throw Dagger and Rush,game_implementation.mechanics.limits
play-german-dagger-upper-shield,Upper Shield,historical_identity.historical_confidence
play-german-dagger-upper-shield,Upper Shield,historical_identity.source_citations.exact_historical_location
play-german-dagger-upper-shield,Upper Shield,game_implementation.character_sheet_test_skill
play-german-dagger-upper-shield,Upper Shield,game_implementation.secondary_skill_prerequisites
play-german-dagger-upper-shield,Upper Shield,game_implementation.weapon_requirements
play-german-dagger-upper-shield,Upper Shield,game_implementation.off_hand_requirement
play-german-dagger-upper-shield,Upper Shield,game_implementation.timing.category
play-german-dagger-upper-shield,Upper Shield,game_implementation.mechanics.learn_requirements
play-german-dagger-upper-shield,Upper Shield,game_implementation.mechanics.use_conditions
play-german-dagger-upper-shield,Upper Shield,game_implementation.mechanics.action_relationship
play-german-dagger-upper-shield,Upper Shield,game_implementation.mechanics.spiritus_cost
play-german-dagger-upper-shield,Upper Shield,game_implementation.mechanics.test_resolution
play-german-dagger-upper-shield,Upper Shield,game_implementation.mechanics.defence
play-german-dagger-upper-shield,Upper Shield,game_implementation.mechanics.success
play-german-dagger-upper-shield,Upper Shield,game_implementation.mechanics.failure
play-german-dagger-upper-shield,Upper Shield,game_implementation.mechanics.aftermath
play-german-dagger-upper-shield,Upper Shield,game_implementation.mechanics.limits
play-german-longsword-absetzen,Absetzen,game_implementation.character_sheet_test_skill
play-german-longsword-absetzen,Absetzen,game_implementation.secondary_skill_prerequisites
play-german-longsword-absetzen,Absetzen,game_implementation.weapon_requirements
play-german-longsword-absetzen,Absetzen,game_implementation.off_hand_requirement
play-german-longsword-absetzen,Absetzen,game_implementation.timing.category
play-german-longsword-absetzen,Absetzen,game_implementation.mechanics.learn_requirements
play-german-longsword-absetzen,Absetzen,game_implementation.mechanics.use_conditions
play-german-longsword-absetzen,Absetzen,game_implementation.mechanics.action_relationship
play-german-longsword-absetzen,Absetzen,game_implementation.mechanics.spiritus_cost
play-german-longsword-absetzen,Absetzen,game_implementation.mechanics.test_resolution
play-german-longsword-absetzen,Absetzen,game_implementation.mechanics.defence
play-german-longsword-absetzen,Absetzen,game_implementation.mechanics.success
play-german-longsword-absetzen,Absetzen,game_implementation.mechanics.failure
play-german-longsword-absetzen,Absetzen,game_implementation.mechanics.aftermath
play-german-longsword-absetzen,Absetzen,game_implementation.mechanics.limits
play-german-longsword-duplieren-mutieren,Duplieren / Mutieren,historical_identity.historical_confidence
play-german-longsword-duplieren-mutieren,Duplieren / Mutieren,historical_identity.source_citations.exact_historical_location
play-german-longsword-duplieren-mutieren,Duplieren / Mutieren,game_implementation.secondary_skill_prerequisites
play-german-longsword-duplieren-mutieren,Duplieren / Mutieren,game_implementation.timing.category
play-german-longsword-durchlaufen,Durchlaufen,historical_identity.historical_confidence
play-german-longsword-durchlaufen,Durchlaufen,historical_identity.source_citations.exact_historical_location
play-german-longsword-durchlaufen,Durchlaufen,game_implementation.character_sheet_test_skill
play-german-longsword-durchlaufen,Durchlaufen,game_implementation.secondary_skill_prerequisites
play-german-longsword-durchlaufen,Durchlaufen,game_implementation.weapon_requirements
play-german-longsword-durchlaufen,Durchlaufen,game_implementation.off_hand_requirement
play-german-longsword-durchlaufen,Durchlaufen,game_implementation.timing.category
play-german-longsword-durchlaufen,Durchlaufen,game_implementation.mechanics.learn_requirements
play-german-longsword-durchlaufen,Durchlaufen,game_implementation.mechanics.use_conditions
play-german-longsword-durchlaufen,Durchlaufen,game_implementation.mechanics.action_relationship
play-german-longsword-durchlaufen,Durchlaufen,game_implementation.mechanics.spiritus_cost
play-german-longsword-durchlaufen,Durchlaufen,game_implementation.mechanics.test_resolution
play-german-longsword-durchlaufen,Durchlaufen,game_implementation.mechanics.defence
play-german-longsword-durchlaufen,Durchlaufen,game_implementation.mechanics.success
play-german-longsword-durchlaufen,Durchlaufen,game_implementation.mechanics.failure
play-german-longsword-durchlaufen,Durchlaufen,game_implementation.mechanics.aftermath
play-german-longsword-durchlaufen,Durchlaufen,game_implementation.mechanics.limits
play-german-longsword-durchwechseln,Durchwechseln,game_implementation.character_sheet_test_skill
play-german-longsword-durchwechseln,Durchwechseln,game_implementation.secondary_skill_prerequisites
play-german-longsword-durchwechseln,Durchwechseln,game_implementation.weapon_requirements
play-german-longsword-durchwechseln,Durchwechseln,game_implementation.off_hand_requirement
play-german-longsword-durchwechseln,Durchwechseln,game_implementation.timing.category
play-german-longsword-durchwechseln,Durchwechseln,game_implementation.mechanics.learn_requirements
play-german-longsword-durchwechseln,Durchwechseln,game_implementation.mechanics.use_conditions
play-german-longsword-durchwechseln,Durchwechseln,game_implementation.mechanics.action_relationship
play-german-longsword-durchwechseln,Durchwechseln,game_implementation.mechanics.spiritus_cost
play-german-longsword-durchwechseln,Durchwechseln,game_implementation.mechanics.test_resolution
play-german-longsword-durchwechseln,Durchwechseln,game_implementation.mechanics.defence
play-german-longsword-durchwechseln,Durchwechseln,game_implementation.mechanics.success
play-german-longsword-durchwechseln,Durchwechseln,game_implementation.mechanics.failure
play-german-longsword-durchwechseln,Durchwechseln,game_implementation.mechanics.aftermath
play-german-longsword-durchwechseln,Durchwechseln,game_implementation.mechanics.limits
play-german-longsword-kron-crown-crossing,Kron / Crown Crossing,game_implementation.character_sheet_test_skill
play-german-longsword-kron-crown-crossing,Kron / Crown Crossing,game_implementation.secondary_skill_prerequisites
play-german-longsword-kron-crown-crossing,Kron / Crown Crossing,game_implementation.weapon_requirements
play-german-longsword-kron-crown-crossing,Kron / Crown Crossing,game_implementation.off_hand_requirement
play-german-longsword-kron-crown-crossing,Kron / Crown Crossing,game_implementation.timing.category
play-german-longsword-kron-crown-crossing,Kron / Crown Crossing,game_implementation.mechanics.learn_requirements
play-german-longsword-kron-crown-crossing,Kron / Crown Crossing,game_implementation.mechanics.use_conditions
play-german-longsword-kron-crown-crossing,Kron / Crown Crossing,game_implementation.mechanics.action_relationship
play-german-longsword-kron-crown-crossing,Kron / Crown Crossing,game_implementation.mechanics.spiritus_cost
play-german-longsword-kron-crown-crossing,Kron / Crown Crossing,game_implementation.mechanics.test_resolution
play-german-longsword-kron-crown-crossing,Kron / Crown Crossing,game_implementation.mechanics.defence
play-german-longsword-kron-crown-crossing,Kron / Crown Crossing,game_implementation.mechanics.success
play-german-longsword-kron-crown-crossing,Kron / Crown Crossing,game_implementation.mechanics.failure
play-german-longsword-kron-crown-crossing,Kron / Crown Crossing,game_implementation.mechanics.aftermath
play-german-longsword-kron-crown-crossing,Kron / Crown Crossing,game_implementation.mechanics.limits
play-german-longsword-krumphau,Krumphau,game_implementation.character_sheet_test_skill
play-german-longsword-krumphau,Krumphau,game_implementation.secondary_skill_prerequisites
play-german-longsword-krumphau,Krumphau,game_implementation.weapon_requirements
play-german-longsword-krumphau,Krumphau,game_implementation.off_hand_requirement
play-german-longsword-krumphau,Krumphau,game_implementation.timing.category
play-german-longsword-krumphau,Krumphau,game_implementation.mechanics.learn_requirements
play-german-longsword-krumphau,Krumphau,game_implementation.mechanics.use_conditions
play-german-longsword-krumphau,Krumphau,game_implementation.mechanics.action_relationship
play-german-longsword-krumphau,Krumphau,game_implementation.mechanics.spiritus_cost
play-german-longsword-krumphau,Krumphau,game_implementation.mechanics.test_resolution
play-german-longsword-krumphau,Krumphau,game_implementation.mechanics.defence
play-german-longsword-krumphau,Krumphau,game_implementation.mechanics.success
play-german-longsword-krumphau,Krumphau,game_implementation.mechanics.failure
play-german-longsword-krumphau,Krumphau,game_implementation.mechanics.aftermath
play-german-longsword-krumphau,Krumphau,game_implementation.mechanics.limits
play-german-longsword-nachreisen,Nachreisen,game_implementation.character_sheet_test_skill
play-german-longsword-nachreisen,Nachreisen,game_implementation.secondary_skill_prerequisites
play-german-longsword-nachreisen,Nachreisen,game_implementation.weapon_requirements
play-german-longsword-nachreisen,Nachreisen,game_implementation.off_hand_requirement
play-german-longsword-nachreisen,Nachreisen,game_implementation.timing.category
play-german-longsword-nachreisen,Nachreisen,game_implementation.mechanics.learn_requirements
play-german-longsword-nachreisen,Nachreisen,game_implementation.mechanics.use_conditions
play-german-longsword-nachreisen,Nachreisen,game_implementation.mechanics.action_relationship
play-german-longsword-nachreisen,Nachreisen,game_implementation.mechanics.spiritus_cost
play-german-longsword-nachreisen,Nachreisen,game_implementation.mechanics.test_resolution
play-german-longsword-nachreisen,Nachreisen,game_implementation.mechanics.defence
play-german-longsword-nachreisen,Nachreisen,game_implementation.mechanics.success
play-german-longsword-nachreisen,Nachreisen,game_implementation.mechanics.failure
play-german-longsword-nachreisen,Nachreisen,game_implementation.mechanics.aftermath
play-german-longsword-nachreisen,Nachreisen,game_implementation.mechanics.limits
play-german-longsword-scheitelhau,Scheitelhau,game_implementation.character_sheet_test_skill
play-german-longsword-scheitelhau,Scheitelhau,game_implementation.secondary_skill_prerequisites
play-german-longsword-scheitelhau,Scheitelhau,game_implementation.weapon_requirements
play-german-longsword-scheitelhau,Scheitelhau,game_implementation.off_hand_requirement
play-german-longsword-scheitelhau,Scheitelhau,game_implementation.timing.category
play-german-longsword-scheitelhau,Scheitelhau,game_implementation.mechanics.learn_requirements
play-german-longsword-scheitelhau,Scheitelhau,game_implementation.mechanics.use_conditions
play-german-longsword-scheitelhau,Scheitelhau,game_implementation.mechanics.action_relationship
play-german-longsword-scheitelhau,Scheitelhau,game_implementation.mechanics.spiritus_cost
play-german-longsword-scheitelhau,Scheitelhau,game_implementation.mechanics.test_resolution
play-german-longsword-scheitelhau,Scheitelhau,game_implementation.mechanics.defence
play-german-longsword-scheitelhau,Scheitelhau,game_implementation.mechanics.success
play-german-longsword-scheitelhau,Scheitelhau,game_implementation.mechanics.failure
play-german-longsword-scheitelhau,Scheitelhau,game_implementation.mechanics.aftermath
play-german-longsword-scheitelhau,Scheitelhau,game_implementation.mechanics.limits
play-german-longsword-schielhau,Schielhau,game_implementation.character_sheet_test_skill
play-german-longsword-schielhau,Schielhau,game_implementation.secondary_skill_prerequisites
play-german-longsword-schielhau,Schielhau,game_implementation.weapon_requirements
play-german-longsword-schielhau,Schielhau,game_implementation.off_hand_requirement
play-german-longsword-schielhau,Schielhau,game_implementation.mechanics.learn_requirements
play-german-longsword-schielhau,Schielhau,game_implementation.mechanics.use_conditions
play-german-longsword-schielhau,Schielhau,game_implementation.mechanics.action_relationship
play-german-longsword-schielhau,Schielhau,game_implementation.mechanics.spiritus_cost
play-german-longsword-schielhau,Schielhau,game_implementation.mechanics.test_resolution
play-german-longsword-schielhau,Schielhau,game_implementation.mechanics.defence
play-german-longsword-schielhau,Schielhau,game_implementation.mechanics.success
play-german-longsword-schielhau,Schielhau,game_implementation.mechanics.failure
play-german-longsword-schielhau,Schielhau,game_implementation.mechanics.aftermath
play-german-longsword-schielhau,Schielhau,game_implementation.mechanics.limits
play-german-longsword-winden,Winden,historical_identity.historical_confidence
play-german-longsword-winden,Winden,historical_identity.source_citations.exact_historical_location
play-german-longsword-winden,Winden,game_implementation.secondary_skill_prerequisites
play-german-longsword-winden,Winden,game_implementation.timing.category
play-german-longsword-zornhau-ort,Zornhau-Ort,game_implementation.secondary_skill_prerequisites
play-german-longsword-zornhau-ort,Zornhau-Ort,game_implementation.timing.category
play-german-longsword-zwerchhau,Zwerchhau,game_implementation.character_sheet_test_skill
play-german-longsword-zwerchhau,Zwerchhau,game_implementation.secondary_skill_prerequisites
play-german-longsword-zwerchhau,Zwerchhau,game_implementation.weapon_requirements
play-german-longsword-zwerchhau,Zwerchhau,game_implementation.off_hand_requirement
play-german-longsword-zwerchhau,Zwerchhau,game_implementation.timing.category
play-german-longsword-zwerchhau,Zwerchhau,game_implementation.mechanics.learn_requirements
play-german-longsword-zwerchhau,Zwerchhau,game_implementation.mechanics.use_conditions
play-german-longsword-zwerchhau,Zwerchhau,game_implementation.mechanics.action_relationship
play-german-longsword-zwerchhau,Zwerchhau,game_implementation.mechanics.spiritus_cost
play-german-longsword-zwerchhau,Zwerchhau,game_implementation.mechanics.test_resolution
play-german-longsword-zwerchhau,Zwerchhau,game_implementation.mechanics.defence
play-german-longsword-zwerchhau,Zwerchhau,game_implementation.mechanics.success
play-german-longsword-zwerchhau,Zwerchhau,game_implementation.mechanics.failure
play-german-longsword-zwerchhau,Zwerchhau,game_implementation.mechanics.aftermath
play-german-longsword-zwerchhau,Zwerchhau,game_implementation.mechanics.limits
play-german-polearms-poleaxe-and-halberd-beat-down-and-thrust,Beat Down and Thrust,historical_identity.historical_confidence
play-german-polearms-poleaxe-and-halberd-beat-down-and-thrust,Beat Down and Thrust,historical_identity.source_citations.exact_historical_location
play-german-polearms-poleaxe-and-halberd-beat-down-and-thrust,Beat Down and Thrust,game_implementation.character_sheet_test_skill
play-german-polearms-poleaxe-and-halberd-beat-down-and-thrust,Beat Down and Thrust,game_implementation.secondary_skill_prerequisites
play-german-polearms-poleaxe-and-halberd-beat-down-and-thrust,Beat Down and Thrust,game_implementation.weapon_requirements
play-german-polearms-poleaxe-and-halberd-beat-down-and-thrust,Beat Down and Thrust,game_implementation.off_hand_requirement
play-german-polearms-poleaxe-and-halberd-beat-down-and-thrust,Beat Down and Thrust,game_implementation.timing.category
play-german-polearms-poleaxe-and-halberd-beat-down-and-thrust,Beat Down and Thrust,game_implementation.mechanics.learn_requirements
play-german-polearms-poleaxe-and-halberd-beat-down-and-thrust,Beat Down and Thrust,game_implementation.mechanics.use_conditions
play-german-polearms-poleaxe-and-halberd-beat-down-and-thrust,Beat Down and Thrust,game_implementation.mechanics.action_relationship
play-german-polearms-poleaxe-and-halberd-beat-down-and-thrust,Beat Down and Thrust,game_implementation.mechanics.spiritus_cost
play-german-polearms-poleaxe-and-halberd-beat-down-and-thrust,Beat Down and Thrust,game_implementation.mechanics.test_resolution
play-german-polearms-poleaxe-and-halberd-beat-down-and-thrust,Beat Down and Thrust,game_implementation.mechanics.defence
play-german-polearms-poleaxe-and-halberd-beat-down-and-thrust,Beat Down and Thrust,game_implementation.mechanics.success
play-german-polearms-poleaxe-and-halberd-beat-down-and-thrust,Beat Down and Thrust,game_implementation.mechanics.failure
play-german-polearms-poleaxe-and-halberd-beat-down-and-thrust,Beat Down and Thrust,game_implementation.mechanics.aftermath
play-german-polearms-poleaxe-and-halberd-beat-down-and-thrust,Beat Down and Thrust,game_implementation.mechanics.limits
play-german-polearms-poleaxe-and-halberd-counter-thrust-to-the-heart,Counter-Thrust to the Heart,historical_identity.historical_confidence
play-german-polearms-poleaxe-and-halberd-counter-thrust-to-the-heart,Counter-Thrust to the Heart,historical_identity.source_citations.exact_historical_location
play-german-polearms-poleaxe-and-halberd-counter-thrust-to-the-heart,Counter-Thrust to the Heart,game_implementation.character_sheet_test_skill
play-german-polearms-poleaxe-and-halberd-counter-thrust-to-the-heart,Counter-Thrust to the Heart,game_implementation.secondary_skill_prerequisites
play-german-polearms-poleaxe-and-halberd-counter-thrust-to-the-heart,Counter-Thrust to the Heart,game_implementation.weapon_requirements
play-german-polearms-poleaxe-and-halberd-counter-thrust-to-the-heart,Counter-Thrust to the Heart,game_implementation.off_hand_requirement
play-german-polearms-poleaxe-and-halberd-counter-thrust-to-the-heart,Counter-Thrust to the Heart,game_implementation.timing.category
play-german-polearms-poleaxe-and-halberd-counter-thrust-to-the-heart,Counter-Thrust to the Heart,game_implementation.mechanics.learn_requirements
play-german-polearms-poleaxe-and-halberd-counter-thrust-to-the-heart,Counter-Thrust to the Heart,game_implementation.mechanics.use_conditions
play-german-polearms-poleaxe-and-halberd-counter-thrust-to-the-heart,Counter-Thrust to the Heart,game_implementation.mechanics.action_relationship
play-german-polearms-poleaxe-and-halberd-counter-thrust-to-the-heart,Counter-Thrust to the Heart,game_implementation.mechanics.spiritus_cost
play-german-polearms-poleaxe-and-halberd-counter-thrust-to-the-heart,Counter-Thrust to the Heart,game_implementation.mechanics.test_resolution
play-german-polearms-poleaxe-and-halberd-counter-thrust-to-the-heart,Counter-Thrust to the Heart,game_implementation.mechanics.defence
play-german-polearms-poleaxe-and-halberd-counter-thrust-to-the-heart,Counter-Thrust to the Heart,game_implementation.mechanics.success
play-german-polearms-poleaxe-and-halberd-counter-thrust-to-the-heart,Counter-Thrust to the Heart,game_implementation.mechanics.failure
play-german-polearms-poleaxe-and-halberd-counter-thrust-to-the-heart,Counter-Thrust to the Heart,game_implementation.mechanics.aftermath
play-german-polearms-poleaxe-and-halberd-counter-thrust-to-the-heart,Counter-Thrust to the Heart,game_implementation.mechanics.limits
play-german-polearms-poleaxe-and-halberd-hanging-deflection,Hanging Deflection,historical_identity.historical_confidence
play-german-polearms-poleaxe-and-halberd-hanging-deflection,Hanging Deflection,historical_identity.source_citations.exact_historical_location
play-german-polearms-poleaxe-and-halberd-hanging-deflection,Hanging Deflection,game_implementation.character_sheet_test_skill
play-german-polearms-poleaxe-and-halberd-hanging-deflection,Hanging Deflection,game_implementation.secondary_skill_prerequisites
play-german-polearms-poleaxe-and-halberd-hanging-deflection,Hanging Deflection,game_implementation.weapon_requirements
play-german-polearms-poleaxe-and-halberd-hanging-deflection,Hanging Deflection,game_implementation.off_hand_requirement
play-german-polearms-poleaxe-and-halberd-hanging-deflection,Hanging Deflection,game_implementation.timing.category
play-german-polearms-poleaxe-and-halberd-hanging-deflection,Hanging Deflection,game_implementation.mechanics.learn_requirements
play-german-polearms-poleaxe-and-halberd-hanging-deflection,Hanging Deflection,game_implementation.mechanics.use_conditions
play-german-polearms-poleaxe-and-halberd-hanging-deflection,Hanging Deflection,game_implementation.mechanics.action_relationship
play-german-polearms-poleaxe-and-halberd-hanging-deflection,Hanging Deflection,game_implementation.mechanics.spiritus_cost
play-german-polearms-poleaxe-and-halberd-hanging-deflection,Hanging Deflection,game_implementation.mechanics.test_resolution
play-german-polearms-poleaxe-and-halberd-hanging-deflection,Hanging Deflection,game_implementation.mechanics.defence
play-german-polearms-poleaxe-and-halberd-hanging-deflection,Hanging Deflection,game_implementation.mechanics.success
play-german-polearms-poleaxe-and-halberd-hanging-deflection,Hanging Deflection,game_implementation.mechanics.failure
play-german-polearms-poleaxe-and-halberd-hanging-deflection,Hanging Deflection,game_implementation.mechanics.aftermath
play-german-polearms-poleaxe-and-halberd-hanging-deflection,Hanging Deflection,game_implementation.mechanics.limits
play-german-polearms-poleaxe-and-halberd-hook-and-cut-driving-cuts,Hook-and-Cut Driving Cuts,historical_identity.historical_confidence
play-german-polearms-poleaxe-and-halberd-hook-and-cut-driving-cuts,Hook-and-Cut Driving Cuts,historical_identity.source_citations.exact_historical_location
play-german-polearms-poleaxe-and-halberd-hook-and-cut-driving-cuts,Hook-and-Cut Driving Cuts,game_implementation.character_sheet_test_skill
play-german-polearms-poleaxe-and-halberd-hook-and-cut-driving-cuts,Hook-and-Cut Driving Cuts,game_implementation.secondary_skill_prerequisites
play-german-polearms-poleaxe-and-halberd-hook-and-cut-driving-cuts,Hook-and-Cut Driving Cuts,game_implementation.weapon_requirements
play-german-polearms-poleaxe-and-halberd-hook-and-cut-driving-cuts,Hook-and-Cut Driving Cuts,game_implementation.off_hand_requirement
play-german-polearms-poleaxe-and-halberd-hook-and-cut-driving-cuts,Hook-and-Cut Driving Cuts,game_implementation.timing.category
play-german-polearms-poleaxe-and-halberd-hook-and-cut-driving-cuts,Hook-and-Cut Driving Cuts,game_implementation.mechanics.learn_requirements
play-german-polearms-poleaxe-and-halberd-hook-and-cut-driving-cuts,Hook-and-Cut Driving Cuts,game_implementation.mechanics.use_conditions
play-german-polearms-poleaxe-and-halberd-hook-and-cut-driving-cuts,Hook-and-Cut Driving Cuts,game_implementation.mechanics.action_relationship
play-german-polearms-poleaxe-and-halberd-hook-and-cut-driving-cuts,Hook-and-Cut Driving Cuts,game_implementation.mechanics.spiritus_cost
play-german-polearms-poleaxe-and-halberd-hook-and-cut-driving-cuts,Hook-and-Cut Driving Cuts,game_implementation.mechanics.test_resolution
play-german-polearms-poleaxe-and-halberd-hook-and-cut-driving-cuts,Hook-and-Cut Driving Cuts,game_implementation.mechanics.defence
play-german-polearms-poleaxe-and-halberd-hook-and-cut-driving-cuts,Hook-and-Cut Driving Cuts,game_implementation.mechanics.success
play-german-polearms-poleaxe-and-halberd-hook-and-cut-driving-cuts,Hook-and-Cut Driving Cuts,game_implementation.mechanics.failure
play-german-polearms-poleaxe-and-halberd-hook-and-cut-driving-cuts,Hook-and-Cut Driving Cuts,game_implementation.mechanics.aftermath
play-german-polearms-poleaxe-and-halberd-hook-and-cut-driving-cuts,Hook-and-Cut Driving Cuts,game_implementation.mechanics.limits
play-german-polearms-poleaxe-and-halberd-hook-the-blade-and-wrench,Hook the Blade and Wrench,historical_identity.historical_confidence
play-german-polearms-poleaxe-and-halberd-hook-the-blade-and-wrench,Hook the Blade and Wrench,historical_identity.source_citations.exact_historical_location
play-german-polearms-poleaxe-and-halberd-hook-the-blade-and-wrench,Hook the Blade and Wrench,game_implementation.character_sheet_test_skill
play-german-polearms-poleaxe-and-halberd-hook-the-blade-and-wrench,Hook the Blade and Wrench,game_implementation.secondary_skill_prerequisites
play-german-polearms-poleaxe-and-halberd-hook-the-blade-and-wrench,Hook the Blade and Wrench,game_implementation.weapon_requirements
play-german-polearms-poleaxe-and-halberd-hook-the-blade-and-wrench,Hook the Blade and Wrench,game_implementation.off_hand_requirement
play-german-polearms-poleaxe-and-halberd-hook-the-blade-and-wrench,Hook the Blade and Wrench,game_implementation.timing.category
play-german-polearms-poleaxe-and-halberd-hook-the-blade-and-wrench,Hook the Blade and Wrench,game_implementation.mechanics.learn_requirements
play-german-polearms-poleaxe-and-halberd-hook-the-blade-and-wrench,Hook the Blade and Wrench,game_implementation.mechanics.use_conditions
play-german-polearms-poleaxe-and-halberd-hook-the-blade-and-wrench,Hook the Blade and Wrench,game_implementation.mechanics.action_relationship
play-german-polearms-poleaxe-and-halberd-hook-the-blade-and-wrench,Hook the Blade and Wrench,game_implementation.mechanics.spiritus_cost
play-german-polearms-poleaxe-and-halberd-hook-the-blade-and-wrench,Hook the Blade and Wrench,game_implementation.mechanics.test_resolution
play-german-polearms-poleaxe-and-halberd-hook-the-blade-and-wrench,Hook the Blade and Wrench,game_implementation.mechanics.defence
play-german-polearms-poleaxe-and-halberd-hook-the-blade-and-wrench,Hook the Blade and Wrench,game_implementation.mechanics.success
play-german-polearms-poleaxe-and-halberd-hook-the-blade-and-wrench,Hook the Blade and Wrench,game_implementation.mechanics.failure
play-german-polearms-poleaxe-and-halberd-hook-the-blade-and-wrench,Hook the Blade and Wrench,game_implementation.mechanics.aftermath
play-german-polearms-poleaxe-and-halberd-hook-the-blade-and-wrench,Hook the Blade and Wrench,game_implementation.mechanics.limits
play-german-polearms-poleaxe-and-halberd-leg-hook,Leg Hook,historical_identity.historical_confidence
play-german-polearms-poleaxe-and-halberd-leg-hook,Leg Hook,historical_identity.source_citations.exact_historical_location
play-german-polearms-poleaxe-and-halberd-leg-hook,Leg Hook,game_implementation.character_sheet_test_skill
play-german-polearms-poleaxe-and-halberd-leg-hook,Leg Hook,game_implementation.secondary_skill_prerequisites
play-german-polearms-poleaxe-and-halberd-leg-hook,Leg Hook,game_implementation.weapon_requirements
play-german-polearms-poleaxe-and-halberd-leg-hook,Leg Hook,game_implementation.off_hand_requirement
play-german-polearms-poleaxe-and-halberd-leg-hook,Leg Hook,game_implementation.timing.category
play-german-polearms-poleaxe-and-halberd-leg-hook,Leg Hook,game_implementation.mechanics.learn_requirements
play-german-polearms-poleaxe-and-halberd-leg-hook,Leg Hook,game_implementation.mechanics.use_conditions
play-german-polearms-poleaxe-and-halberd-leg-hook,Leg Hook,game_implementation.mechanics.action_relationship
play-german-polearms-poleaxe-and-halberd-leg-hook,Leg Hook,game_implementation.mechanics.spiritus_cost
play-german-polearms-poleaxe-and-halberd-leg-hook,Leg Hook,game_implementation.mechanics.test_resolution
play-german-polearms-poleaxe-and-halberd-leg-hook,Leg Hook,game_implementation.mechanics.defence
play-german-polearms-poleaxe-and-halberd-leg-hook,Leg Hook,game_implementation.mechanics.success
play-german-polearms-poleaxe-and-halberd-leg-hook,Leg Hook,game_implementation.mechanics.failure
play-german-polearms-poleaxe-and-halberd-leg-hook,Leg Hook,game_implementation.mechanics.aftermath
play-german-polearms-poleaxe-and-halberd-leg-hook,Leg Hook,game_implementation.mechanics.limits
play-german-polearms-poleaxe-and-halberd-neck-yank-counter-and-throw,Neck Yank / Counter and Throw,historical_identity.historical_confidence
play-german-polearms-poleaxe-and-halberd-neck-yank-counter-and-throw,Neck Yank / Counter and Throw,historical_identity.source_citations.exact_historical_location
play-german-polearms-poleaxe-and-halberd-neck-yank-counter-and-throw,Neck Yank / Counter and Throw,game_implementation.character_sheet_test_skill
play-german-polearms-poleaxe-and-halberd-neck-yank-counter-and-throw,Neck Yank / Counter and Throw,game_implementation.secondary_skill_prerequisites
play-german-polearms-poleaxe-and-halberd-neck-yank-counter-and-throw,Neck Yank / Counter and Throw,game_implementation.weapon_requirements
play-german-polearms-poleaxe-and-halberd-neck-yank-counter-and-throw,Neck Yank / Counter and Throw,game_implementation.off_hand_requirement
play-german-polearms-poleaxe-and-halberd-neck-yank-counter-and-throw,Neck Yank / Counter and Throw,game_implementation.timing.category
play-german-polearms-poleaxe-and-halberd-neck-yank-counter-and-throw,Neck Yank / Counter and Throw,game_implementation.mechanics.learn_requirements
play-german-polearms-poleaxe-and-halberd-neck-yank-counter-and-throw,Neck Yank / Counter and Throw,game_implementation.mechanics.use_conditions
play-german-polearms-poleaxe-and-halberd-neck-yank-counter-and-throw,Neck Yank / Counter and Throw,game_implementation.mechanics.action_relationship
play-german-polearms-poleaxe-and-halberd-neck-yank-counter-and-throw,Neck Yank / Counter and Throw,game_implementation.mechanics.spiritus_cost
play-german-polearms-poleaxe-and-halberd-neck-yank-counter-and-throw,Neck Yank / Counter and Throw,game_implementation.mechanics.test_resolution
play-german-polearms-poleaxe-and-halberd-neck-yank-counter-and-throw,Neck Yank / Counter and Throw,game_implementation.mechanics.defence
play-german-polearms-poleaxe-and-halberd-neck-yank-counter-and-throw,Neck Yank / Counter and Throw,game_implementation.mechanics.success
play-german-polearms-poleaxe-and-halberd-neck-yank-counter-and-throw,Neck Yank / Counter and Throw,game_implementation.mechanics.failure
play-german-polearms-poleaxe-and-halberd-neck-yank-counter-and-throw,Neck Yank / Counter and Throw,game_implementation.mechanics.aftermath
play-german-polearms-poleaxe-and-halberd-neck-yank-counter-and-throw,Neck Yank / Counter and Throw,game_implementation.mechanics.limits
play-german-polearms-poleaxe-and-halberd-rear-point-run-in,Rear-Point Run-In,historical_identity.historical_confidence
play-german-polearms-poleaxe-and-halberd-rear-point-run-in,Rear-Point Run-In,historical_identity.source_citations.exact_historical_location
play-german-polearms-poleaxe-and-halberd-rear-point-run-in,Rear-Point Run-In,game_implementation.character_sheet_test_skill
play-german-polearms-poleaxe-and-halberd-rear-point-run-in,Rear-Point Run-In,game_implementation.secondary_skill_prerequisites
play-german-polearms-poleaxe-and-halberd-rear-point-run-in,Rear-Point Run-In,game_implementation.weapon_requirements
play-german-polearms-poleaxe-and-halberd-rear-point-run-in,Rear-Point Run-In,game_implementation.off_hand_requirement
play-german-polearms-poleaxe-and-halberd-rear-point-run-in,Rear-Point Run-In,game_implementation.timing.category
play-german-polearms-poleaxe-and-halberd-rear-point-run-in,Rear-Point Run-In,game_implementation.mechanics.learn_requirements
play-german-polearms-poleaxe-and-halberd-rear-point-run-in,Rear-Point Run-In,game_implementation.mechanics.use_conditions
play-german-polearms-poleaxe-and-halberd-rear-point-run-in,Rear-Point Run-In,game_implementation.mechanics.action_relationship
play-german-polearms-poleaxe-and-halberd-rear-point-run-in,Rear-Point Run-In,game_implementation.mechanics.spiritus_cost
play-german-polearms-poleaxe-and-halberd-rear-point-run-in,Rear-Point Run-In,game_implementation.mechanics.test_resolution
play-german-polearms-poleaxe-and-halberd-rear-point-run-in,Rear-Point Run-In,game_implementation.mechanics.defence
play-german-polearms-poleaxe-and-halberd-rear-point-run-in,Rear-Point Run-In,game_implementation.mechanics.success
play-german-polearms-poleaxe-and-halberd-rear-point-run-in,Rear-Point Run-In,game_implementation.mechanics.failure
play-german-polearms-poleaxe-and-halberd-rear-point-run-in,Rear-Point Run-In,game_implementation.mechanics.aftermath
play-german-polearms-poleaxe-and-halberd-rear-point-run-in,Rear-Point Run-In,game_implementation.mechanics.limits
play-german-sword-and-buckler-change-strike-sequence,Change-Strike Sequence,historical_identity.historical_confidence
play-german-sword-and-buckler-change-strike-sequence,Change-Strike Sequence,historical_identity.source_citations.exact_historical_location
play-german-sword-and-buckler-change-strike-sequence,Change-Strike Sequence,game_implementation.character_sheet_test_skill
play-german-sword-and-buckler-change-strike-sequence,Change-Strike Sequence,game_implementation.secondary_skill_prerequisites
play-german-sword-and-buckler-change-strike-sequence,Change-Strike Sequence,game_implementation.weapon_requirements
play-german-sword-and-buckler-change-strike-sequence,Change-Strike Sequence,game_implementation.off_hand_requirement
play-german-sword-and-buckler-change-strike-sequence,Change-Strike Sequence,game_implementation.timing.category
play-german-sword-and-buckler-change-strike-sequence,Change-Strike Sequence,game_implementation.mechanics.learn_requirements
play-german-sword-and-buckler-change-strike-sequence,Change-Strike Sequence,game_implementation.mechanics.use_conditions
play-german-sword-and-buckler-change-strike-sequence,Change-Strike Sequence,game_implementation.mechanics.action_relationship
play-german-sword-and-buckler-change-strike-sequence,Change-Strike Sequence,game_implementation.mechanics.spiritus_cost
play-german-sword-and-buckler-change-strike-sequence,Change-Strike Sequence,game_implementation.mechanics.test_resolution
play-german-sword-and-buckler-change-strike-sequence,Change-Strike Sequence,game_implementation.mechanics.defence
play-german-sword-and-buckler-change-strike-sequence,Change-Strike Sequence,game_implementation.mechanics.success
play-german-sword-and-buckler-change-strike-sequence,Change-Strike Sequence,game_implementation.mechanics.failure
play-german-sword-and-buckler-change-strike-sequence,Change-Strike Sequence,game_implementation.mechanics.aftermath
play-german-sword-and-buckler-change-strike-sequence,Change-Strike Sequence,game_implementation.mechanics.limits
play-german-sword-and-buckler-crutch-krucke,Crutch - Krucke,historical_identity.historical_confidence
play-german-sword-and-buckler-crutch-krucke,Crutch - Krucke,historical_identity.source_citations.exact_historical_location
play-german-sword-and-buckler-crutch-krucke,Crutch - Krucke,game_implementation.character_sheet_test_skill
play-german-sword-and-buckler-crutch-krucke,Crutch - Krucke,game_implementation.secondary_skill_prerequisites
play-german-sword-and-buckler-crutch-krucke,Crutch - Krucke,game_implementation.weapon_requirements
play-german-sword-and-buckler-crutch-krucke,Crutch - Krucke,game_implementation.off_hand_requirement
play-german-sword-and-buckler-crutch-krucke,Crutch - Krucke,game_implementation.timing.category
play-german-sword-and-buckler-crutch-krucke,Crutch - Krucke,game_implementation.mechanics.learn_requirements
play-german-sword-and-buckler-crutch-krucke,Crutch - Krucke,game_implementation.mechanics.use_conditions
play-german-sword-and-buckler-crutch-krucke,Crutch - Krucke,game_implementation.mechanics.action_relationship
play-german-sword-and-buckler-crutch-krucke,Crutch - Krucke,game_implementation.mechanics.spiritus_cost
play-german-sword-and-buckler-crutch-krucke,Crutch - Krucke,game_implementation.mechanics.test_resolution
play-german-sword-and-buckler-crutch-krucke,Crutch - Krucke,game_implementation.mechanics.defence
play-german-sword-and-buckler-crutch-krucke,Crutch - Krucke,game_implementation.mechanics.success
play-german-sword-and-buckler-crutch-krucke,Crutch - Krucke,game_implementation.mechanics.failure
play-german-sword-and-buckler-crutch-krucke,Crutch - Krucke,game_implementation.mechanics.aftermath
play-german-sword-and-buckler-crutch-krucke,Crutch - Krucke,game_implementation.mechanics.limits
play-german-sword-and-buckler-half-shield-halbschilt,Half-Shield - Halbschilt,historical_identity.historical_confidence
play-german-sword-and-buckler-half-shield-halbschilt,Half-Shield - Halbschilt,historical_identity.source_citations.exact_historical_location
play-german-sword-and-buckler-half-shield-halbschilt,Half-Shield - Halbschilt,game_implementation.character_sheet_test_skill
play-german-sword-and-buckler-half-shield-halbschilt,Half-Shield - Halbschilt,game_implementation.secondary_skill_prerequisites
play-german-sword-and-buckler-half-shield-halbschilt,Half-Shield - Halbschilt,game_implementation.weapon_requirements
play-german-sword-and-buckler-half-shield-halbschilt,Half-Shield - Halbschilt,game_implementation.off_hand_requirement
play-german-sword-and-buckler-half-shield-halbschilt,Half-Shield - Halbschilt,game_implementation.timing.category
play-german-sword-and-buckler-half-shield-halbschilt,Half-Shield - Halbschilt,game_implementation.mechanics.learn_requirements
play-german-sword-and-buckler-half-shield-halbschilt,Half-Shield - Halbschilt,game_implementation.mechanics.use_conditions
play-german-sword-and-buckler-half-shield-halbschilt,Half-Shield - Halbschilt,game_implementation.mechanics.action_relationship
play-german-sword-and-buckler-half-shield-halbschilt,Half-Shield - Halbschilt,game_implementation.mechanics.spiritus_cost
play-german-sword-and-buckler-half-shield-halbschilt,Half-Shield - Halbschilt,game_implementation.mechanics.test_resolution
play-german-sword-and-buckler-half-shield-halbschilt,Half-Shield - Halbschilt,game_implementation.mechanics.defence
play-german-sword-and-buckler-half-shield-halbschilt,Half-Shield - Halbschilt,game_implementation.mechanics.success
play-german-sword-and-buckler-half-shield-halbschilt,Half-Shield - Halbschilt,game_implementation.mechanics.failure
play-german-sword-and-buckler-half-shield-halbschilt,Half-Shield - Halbschilt,game_implementation.mechanics.aftermath
play-german-sword-and-buckler-half-shield-halbschilt,Half-Shield - Halbschilt,game_implementation.mechanics.limits
play-german-sword-and-buckler-longpoint-bind,Longpoint Bind,historical_identity.historical_confidence
play-german-sword-and-buckler-longpoint-bind,Longpoint Bind,historical_identity.source_citations.exact_historical_location
play-german-sword-and-buckler-longpoint-bind,Longpoint Bind,game_implementation.character_sheet_test_skill
play-german-sword-and-buckler-longpoint-bind,Longpoint Bind,game_implementation.secondary_skill_prerequisites
play-german-sword-and-buckler-longpoint-bind,Longpoint Bind,game_implementation.weapon_requirements
play-german-sword-and-buckler-longpoint-bind,Longpoint Bind,game_implementation.off_hand_requirement
play-german-sword-and-buckler-longpoint-bind,Longpoint Bind,game_implementation.timing.category
play-german-sword-and-buckler-longpoint-bind,Longpoint Bind,game_implementation.mechanics.learn_requirements
play-german-sword-and-buckler-longpoint-bind,Longpoint Bind,game_implementation.mechanics.use_conditions
play-german-sword-and-buckler-longpoint-bind,Longpoint Bind,game_implementation.mechanics.action_relationship
play-german-sword-and-buckler-longpoint-bind,Longpoint Bind,game_implementation.mechanics.spiritus_cost
play-german-sword-and-buckler-longpoint-bind,Longpoint Bind,game_implementation.mechanics.test_resolution
play-german-sword-and-buckler-longpoint-bind,Longpoint Bind,game_implementation.mechanics.defence
play-german-sword-and-buckler-longpoint-bind,Longpoint Bind,game_implementation.mechanics.success
play-german-sword-and-buckler-longpoint-bind,Longpoint Bind,game_implementation.mechanics.failure
play-german-sword-and-buckler-longpoint-bind,Longpoint Bind,game_implementation.mechanics.aftermath
play-german-sword-and-buckler-longpoint-bind,Longpoint Bind,game_implementation.mechanics.limits
play-german-sword-and-buckler-pommel-and-neck-grapple,Pommel-and-Neck Grapple,historical_identity.historical_confidence
play-german-sword-and-buckler-pommel-and-neck-grapple,Pommel-and-Neck Grapple,historical_identity.source_citations.exact_historical_location
play-german-sword-and-buckler-pommel-and-neck-grapple,Pommel-and-Neck Grapple,game_implementation.character_sheet_test_skill
play-german-sword-and-buckler-pommel-and-neck-grapple,Pommel-and-Neck Grapple,game_implementation.secondary_skill_prerequisites
play-german-sword-and-buckler-pommel-and-neck-grapple,Pommel-and-Neck Grapple,game_implementation.weapon_requirements
play-german-sword-and-buckler-pommel-and-neck-grapple,Pommel-and-Neck Grapple,game_implementation.off_hand_requirement
play-german-sword-and-buckler-pommel-and-neck-grapple,Pommel-and-Neck Grapple,game_implementation.timing.category
play-german-sword-and-buckler-pommel-and-neck-grapple,Pommel-and-Neck Grapple,game_implementation.mechanics.learn_requirements
play-german-sword-and-buckler-pommel-and-neck-grapple,Pommel-and-Neck Grapple,game_implementation.mechanics.use_conditions
play-german-sword-and-buckler-pommel-and-neck-grapple,Pommel-and-Neck Grapple,game_implementation.mechanics.action_relationship
play-german-sword-and-buckler-pommel-and-neck-grapple,Pommel-and-Neck Grapple,game_implementation.mechanics.spiritus_cost
play-german-sword-and-buckler-pommel-and-neck-grapple,Pommel-and-Neck Grapple,game_implementation.mechanics.test_resolution
play-german-sword-and-buckler-pommel-and-neck-grapple,Pommel-and-Neck Grapple,game_implementation.mechanics.defence
play-german-sword-and-buckler-pommel-and-neck-grapple,Pommel-and-Neck Grapple,game_implementation.mechanics.success
play-german-sword-and-buckler-pommel-and-neck-grapple,Pommel-and-Neck Grapple,game_implementation.mechanics.failure
play-german-sword-and-buckler-pommel-and-neck-grapple,Pommel-and-Neck Grapple,game_implementation.mechanics.aftermath
play-german-sword-and-buckler-pommel-and-neck-grapple,Pommel-and-Neck Grapple,game_implementation.mechanics.limits
play-german-sword-and-buckler-shielding-schutzen,Shielding - Schützen,historical_identity.historical_confidence
play-german-sword-and-buckler-shielding-schutzen,Shielding - Schützen,historical_identity.source_citations.exact_historical_location
play-german-sword-and-buckler-shielding-schutzen,Shielding - Schützen,game_implementation.character_sheet_test_skill
play-german-sword-and-buckler-shielding-schutzen,Shielding - Schützen,game_implementation.secondary_skill_prerequisites
play-german-sword-and-buckler-shielding-schutzen,Shielding - Schützen,game_implementation.weapon_requirements
play-german-sword-and-buckler-shielding-schutzen,Shielding - Schützen,game_implementation.off_hand_requirement
play-german-sword-and-buckler-shielding-schutzen,Shielding - Schützen,game_implementation.timing.category
play-german-sword-and-buckler-shielding-schutzen,Shielding - Schützen,game_implementation.mechanics.learn_requirements
play-german-sword-and-buckler-shielding-schutzen,Shielding - Schützen,game_implementation.mechanics.use_conditions
play-german-sword-and-buckler-shielding-schutzen,Shielding - Schützen,game_implementation.mechanics.action_relationship
play-german-sword-and-buckler-shielding-schutzen,Shielding - Schützen,game_implementation.mechanics.spiritus_cost
play-german-sword-and-buckler-shielding-schutzen,Shielding - Schützen,game_implementation.mechanics.test_resolution
play-german-sword-and-buckler-shielding-schutzen,Shielding - Schützen,game_implementation.mechanics.defence
play-german-sword-and-buckler-shielding-schutzen,Shielding - Schützen,game_implementation.mechanics.success
play-german-sword-and-buckler-shielding-schutzen,Shielding - Schützen,game_implementation.mechanics.failure
play-german-sword-and-buckler-shielding-schutzen,Shielding - Schützen,game_implementation.mechanics.aftermath
play-german-sword-and-buckler-shielding-schutzen,Shielding - Schützen,game_implementation.mechanics.limits
play-german-sword-and-buckler-underthrust-from-the-buckler,Underthrust from the Buckler,historical_identity.historical_confidence
play-german-sword-and-buckler-underthrust-from-the-buckler,Underthrust from the Buckler,historical_identity.source_citations.exact_historical_location
play-german-sword-and-buckler-underthrust-from-the-buckler,Underthrust from the Buckler,game_implementation.character_sheet_test_skill
play-german-sword-and-buckler-underthrust-from-the-buckler,Underthrust from the Buckler,game_implementation.secondary_skill_prerequisites
play-german-sword-and-buckler-underthrust-from-the-buckler,Underthrust from the Buckler,game_implementation.weapon_requirements
play-german-sword-and-buckler-underthrust-from-the-buckler,Underthrust from the Buckler,game_implementation.off_hand_requirement
play-german-sword-and-buckler-underthrust-from-the-buckler,Underthrust from the Buckler,game_implementation.timing.category
play-german-sword-and-buckler-underthrust-from-the-buckler,Underthrust from the Buckler,game_implementation.mechanics.learn_requirements
play-german-sword-and-buckler-underthrust-from-the-buckler,Underthrust from the Buckler,game_implementation.mechanics.use_conditions
play-german-sword-and-buckler-underthrust-from-the-buckler,Underthrust from the Buckler,game_implementation.mechanics.action_relationship
play-german-sword-and-buckler-underthrust-from-the-buckler,Underthrust from the Buckler,game_implementation.mechanics.spiritus_cost
play-german-sword-and-buckler-underthrust-from-the-buckler,Underthrust from the Buckler,game_implementation.mechanics.test_resolution
play-german-sword-and-buckler-underthrust-from-the-buckler,Underthrust from the Buckler,game_implementation.mechanics.defence
play-german-sword-and-buckler-underthrust-from-the-buckler,Underthrust from the Buckler,game_implementation.mechanics.success
play-german-sword-and-buckler-underthrust-from-the-buckler,Underthrust from the Buckler,game_implementation.mechanics.failure
play-german-sword-and-buckler-underthrust-from-the-buckler,Underthrust from the Buckler,game_implementation.mechanics.aftermath
play-german-sword-and-buckler-underthrust-from-the-buckler,Underthrust from the Buckler,game_implementation.mechanics.limits
play-german-sword-and-buckler-wind-and-snap-over,Wind and Snap Over,historical_identity.historical_confidence
play-german-sword-and-buckler-wind-and-snap-over,Wind and Snap Over,historical_identity.source_citations.exact_historical_location
play-german-sword-and-buckler-wind-and-snap-over,Wind and Snap Over,game_implementation.character_sheet_test_skill
play-german-sword-and-buckler-wind-and-snap-over,Wind and Snap Over,game_implementation.secondary_skill_prerequisites
play-german-sword-and-buckler-wind-and-snap-over,Wind and Snap Over,game_implementation.weapon_requirements
play-german-sword-and-buckler-wind-and-snap-over,Wind and Snap Over,game_implementation.off_hand_requirement
play-german-sword-and-buckler-wind-and-snap-over,Wind and Snap Over,game_implementation.timing.category
play-german-sword-and-buckler-wind-and-snap-over,Wind and Snap Over,game_implementation.mechanics.learn_requirements
play-german-sword-and-buckler-wind-and-snap-over,Wind and Snap Over,game_implementation.mechanics.use_conditions
play-german-sword-and-buckler-wind-and-snap-over,Wind and Snap Over,game_implementation.mechanics.action_relationship
play-german-sword-and-buckler-wind-and-snap-over,Wind and Snap Over,game_implementation.mechanics.spiritus_cost
play-german-sword-and-buckler-wind-and-snap-over,Wind and Snap Over,game_implementation.mechanics.test_resolution
play-german-sword-and-buckler-wind-and-snap-over,Wind and Snap Over,game_implementation.mechanics.defence
play-german-sword-and-buckler-wind-and-snap-over,Wind and Snap Over,game_implementation.mechanics.success
play-german-sword-and-buckler-wind-and-snap-over,Wind and Snap Over,game_implementation.mechanics.failure
play-german-sword-and-buckler-wind-and-snap-over,Wind and Snap Over,game_implementation.mechanics.aftermath
play-german-sword-and-buckler-wind-and-snap-over,Wind and Snap Over,game_implementation.mechanics.limits
play-german-sword-in-one-hand-duplieren-mutieren,Duplieren / Mutieren,historical_identity.historical_confidence
play-german-sword-in-one-hand-duplieren-mutieren,Duplieren / Mutieren,historical_identity.source_citations.exact_historical_location
play-german-sword-in-one-hand-duplieren-mutieren,Duplieren / Mutieren,game_implementation.character_sheet_test_skill
play-german-sword-in-one-hand-duplieren-mutieren,Duplieren / Mutieren,game_implementation.secondary_skill_prerequisites
play-german-sword-in-one-hand-duplieren-mutieren,Duplieren / Mutieren,game_implementation.weapon_requirements
play-german-sword-in-one-hand-duplieren-mutieren,Duplieren / Mutieren,game_implementation.off_hand_requirement
play-german-sword-in-one-hand-duplieren-mutieren,Duplieren / Mutieren,game_implementation.timing.category
play-german-sword-in-one-hand-duplieren-mutieren,Duplieren / Mutieren,game_implementation.mechanics.learn_requirements
play-german-sword-in-one-hand-duplieren-mutieren,Duplieren / Mutieren,game_implementation.mechanics.use_conditions
play-german-sword-in-one-hand-duplieren-mutieren,Duplieren / Mutieren,game_implementation.mechanics.action_relationship
play-german-sword-in-one-hand-duplieren-mutieren,Duplieren / Mutieren,game_implementation.mechanics.spiritus_cost
play-german-sword-in-one-hand-duplieren-mutieren,Duplieren / Mutieren,game_implementation.mechanics.test_resolution
play-german-sword-in-one-hand-duplieren-mutieren,Duplieren / Mutieren,game_implementation.mechanics.defence
play-german-sword-in-one-hand-duplieren-mutieren,Duplieren / Mutieren,game_implementation.mechanics.success
play-german-sword-in-one-hand-duplieren-mutieren,Duplieren / Mutieren,game_implementation.mechanics.failure
play-german-sword-in-one-hand-duplieren-mutieren,Duplieren / Mutieren,game_implementation.mechanics.aftermath
play-german-sword-in-one-hand-duplieren-mutieren,Duplieren / Mutieren,game_implementation.mechanics.limits
play-german-sword-in-one-hand-durchwechseln,Durchwechseln,historical_identity.historical_confidence
play-german-sword-in-one-hand-durchwechseln,Durchwechseln,historical_identity.source_citations.exact_historical_location
play-german-sword-in-one-hand-durchwechseln,Durchwechseln,game_implementation.character_sheet_test_skill
play-german-sword-in-one-hand-durchwechseln,Durchwechseln,game_implementation.secondary_skill_prerequisites
play-german-sword-in-one-hand-durchwechseln,Durchwechseln,game_implementation.weapon_requirements
play-german-sword-in-one-hand-durchwechseln,Durchwechseln,game_implementation.off_hand_requirement
play-german-sword-in-one-hand-durchwechseln,Durchwechseln,game_implementation.timing.category
play-german-sword-in-one-hand-durchwechseln,Durchwechseln,game_implementation.mechanics.learn_requirements
play-german-sword-in-one-hand-durchwechseln,Durchwechseln,game_implementation.mechanics.use_conditions
play-german-sword-in-one-hand-durchwechseln,Durchwechseln,game_implementation.mechanics.action_relationship
play-german-sword-in-one-hand-durchwechseln,Durchwechseln,game_implementation.mechanics.spiritus_cost
play-german-sword-in-one-hand-durchwechseln,Durchwechseln,game_implementation.mechanics.test_resolution
play-german-sword-in-one-hand-durchwechseln,Durchwechseln,game_implementation.mechanics.defence
play-german-sword-in-one-hand-durchwechseln,Durchwechseln,game_implementation.mechanics.success
play-german-sword-in-one-hand-durchwechseln,Durchwechseln,game_implementation.mechanics.failure
play-german-sword-in-one-hand-durchwechseln,Durchwechseln,game_implementation.mechanics.aftermath
play-german-sword-in-one-hand-durchwechseln,Durchwechseln,game_implementation.mechanics.limits
play-german-sword-in-one-hand-entrusthau,Entrüsthau,historical_identity.historical_confidence
play-german-sword-in-one-hand-entrusthau,Entrüsthau,historical_identity.source_citations.exact_historical_location
play-german-sword-in-one-hand-entrusthau,Entrüsthau,game_implementation.character_sheet_test_skill
play-german-sword-in-one-hand-entrusthau,Entrüsthau,game_implementation.secondary_skill_prerequisites
play-german-sword-in-one-hand-entrusthau,Entrüsthau,game_implementation.weapon_requirements
play-german-sword-in-one-hand-entrusthau,Entrüsthau,game_implementation.off_hand_requirement
play-german-sword-in-one-hand-entrusthau,Entrüsthau,game_implementation.timing.category
play-german-sword-in-one-hand-entrusthau,Entrüsthau,game_implementation.mechanics.learn_requirements
play-german-sword-in-one-hand-entrusthau,Entrüsthau,game_implementation.mechanics.use_conditions
play-german-sword-in-one-hand-entrusthau,Entrüsthau,game_implementation.mechanics.action_relationship
play-german-sword-in-one-hand-entrusthau,Entrüsthau,game_implementation.mechanics.spiritus_cost
play-german-sword-in-one-hand-entrusthau,Entrüsthau,game_implementation.mechanics.test_resolution
play-german-sword-in-one-hand-entrusthau,Entrüsthau,game_implementation.mechanics.defence
play-german-sword-in-one-hand-entrusthau,Entrüsthau,game_implementation.mechanics.success
play-german-sword-in-one-hand-entrusthau,Entrüsthau,game_implementation.mechanics.failure
play-german-sword-in-one-hand-entrusthau,Entrüsthau,game_implementation.mechanics.aftermath
play-german-sword-in-one-hand-entrusthau,Entrüsthau,game_implementation.mechanics.limits
play-german-sword-in-one-hand-hand-or-wrist-cut,Hand or Wrist Cut,historical_identity.historical_confidence
play-german-sword-in-one-hand-hand-or-wrist-cut,Hand or Wrist Cut,historical_identity.source_citations.exact_historical_location
play-german-sword-in-one-hand-hand-or-wrist-cut,Hand or Wrist Cut,game_implementation.character_sheet_test_skill
play-german-sword-in-one-hand-hand-or-wrist-cut,Hand or Wrist Cut,game_implementation.secondary_skill_prerequisites
play-german-sword-in-one-hand-hand-or-wrist-cut,Hand or Wrist Cut,game_implementation.weapon_requirements
play-german-sword-in-one-hand-hand-or-wrist-cut,Hand or Wrist Cut,game_implementation.off_hand_requirement
play-german-sword-in-one-hand-hand-or-wrist-cut,Hand or Wrist Cut,game_implementation.timing.category
play-german-sword-in-one-hand-hand-or-wrist-cut,Hand or Wrist Cut,game_implementation.mechanics.learn_requirements
play-german-sword-in-one-hand-hand-or-wrist-cut,Hand or Wrist Cut,game_implementation.mechanics.use_conditions
play-german-sword-in-one-hand-hand-or-wrist-cut,Hand or Wrist Cut,game_implementation.mechanics.action_relationship
play-german-sword-in-one-hand-hand-or-wrist-cut,Hand or Wrist Cut,game_implementation.mechanics.spiritus_cost
play-german-sword-in-one-hand-hand-or-wrist-cut,Hand or Wrist Cut,game_implementation.mechanics.test_resolution
play-german-sword-in-one-hand-hand-or-wrist-cut,Hand or Wrist Cut,game_implementation.mechanics.defence
play-german-sword-in-one-hand-hand-or-wrist-cut,Hand or Wrist Cut,game_implementation.mechanics.success
play-german-sword-in-one-hand-hand-or-wrist-cut,Hand or Wrist Cut,game_implementation.mechanics.failure
play-german-sword-in-one-hand-hand-or-wrist-cut,Hand or Wrist Cut,game_implementation.mechanics.aftermath
play-german-sword-in-one-hand-hand-or-wrist-cut,Hand or Wrist Cut,game_implementation.mechanics.limits
play-german-sword-in-one-hand-luginsland,Luginsland,historical_identity.historical_confidence
play-german-sword-in-one-hand-luginsland,Luginsland,historical_identity.source_citations.exact_historical_location
play-german-sword-in-one-hand-luginsland,Luginsland,game_implementation.character_sheet_test_skill
play-german-sword-in-one-hand-luginsland,Luginsland,game_implementation.secondary_skill_prerequisites
play-german-sword-in-one-hand-luginsland,Luginsland,game_implementation.weapon_requirements
play-german-sword-in-one-hand-luginsland,Luginsland,game_implementation.off_hand_requirement
play-german-sword-in-one-hand-luginsland,Luginsland,game_implementation.timing.category
play-german-sword-in-one-hand-luginsland,Luginsland,game_implementation.mechanics.learn_requirements
play-german-sword-in-one-hand-luginsland,Luginsland,game_implementation.mechanics.use_conditions
play-german-sword-in-one-hand-luginsland,Luginsland,game_implementation.mechanics.action_relationship
play-german-sword-in-one-hand-luginsland,Luginsland,game_implementation.mechanics.spiritus_cost
play-german-sword-in-one-hand-luginsland,Luginsland,game_implementation.mechanics.test_resolution
play-german-sword-in-one-hand-luginsland,Luginsland,game_implementation.mechanics.defence
play-german-sword-in-one-hand-luginsland,Luginsland,game_implementation.mechanics.success
play-german-sword-in-one-hand-luginsland,Luginsland,game_implementation.mechanics.failure
play-german-sword-in-one-hand-luginsland,Luginsland,game_implementation.mechanics.aftermath
play-german-sword-in-one-hand-luginsland,Luginsland,game_implementation.mechanics.limits
play-german-sword-in-one-hand-messer-taking,Messer Taking,historical_identity.historical_confidence
play-german-sword-in-one-hand-messer-taking,Messer Taking,historical_identity.source_citations.exact_historical_location
play-german-sword-in-one-hand-messer-taking,Messer Taking,game_implementation.character_sheet_test_skill
play-german-sword-in-one-hand-messer-taking,Messer Taking,game_implementation.secondary_skill_prerequisites
play-german-sword-in-one-hand-messer-taking,Messer Taking,game_implementation.weapon_requirements
play-german-sword-in-one-hand-messer-taking,Messer Taking,game_implementation.off_hand_requirement
play-german-sword-in-one-hand-messer-taking,Messer Taking,game_implementation.timing.category
play-german-sword-in-one-hand-messer-taking,Messer Taking,game_implementation.mechanics.learn_requirements
play-german-sword-in-one-hand-messer-taking,Messer Taking,game_implementation.mechanics.use_conditions
play-german-sword-in-one-hand-messer-taking,Messer Taking,game_implementation.mechanics.action_relationship
play-german-sword-in-one-hand-messer-taking,Messer Taking,game_implementation.mechanics.spiritus_cost
play-german-sword-in-one-hand-messer-taking,Messer Taking,game_implementation.mechanics.test_resolution
play-german-sword-in-one-hand-messer-taking,Messer Taking,game_implementation.mechanics.defence
play-german-sword-in-one-hand-messer-taking,Messer Taking,game_implementation.mechanics.success
play-german-sword-in-one-hand-messer-taking,Messer Taking,game_implementation.mechanics.failure
play-german-sword-in-one-hand-messer-taking,Messer Taking,game_implementation.mechanics.aftermath
play-german-sword-in-one-hand-messer-taking,Messer Taking,game_implementation.mechanics.limits
play-german-sword-in-one-hand-winden-and-thrust,Winden and Thrust,historical_identity.historical_confidence
play-german-sword-in-one-hand-winden-and-thrust,Winden and Thrust,historical_identity.source_citations.exact_historical_location
play-german-sword-in-one-hand-winden-and-thrust,Winden and Thrust,game_implementation.character_sheet_test_skill
play-german-sword-in-one-hand-winden-and-thrust,Winden and Thrust,game_implementation.secondary_skill_prerequisites
play-german-sword-in-one-hand-winden-and-thrust,Winden and Thrust,game_implementation.weapon_requirements
play-german-sword-in-one-hand-winden-and-thrust,Winden and Thrust,game_implementation.off_hand_requirement
play-german-sword-in-one-hand-winden-and-thrust,Winden and Thrust,game_implementation.timing.category
play-german-sword-in-one-hand-winden-and-thrust,Winden and Thrust,game_implementation.mechanics.learn_requirements
play-german-sword-in-one-hand-winden-and-thrust,Winden and Thrust,game_implementation.mechanics.use_conditions
play-german-sword-in-one-hand-winden-and-thrust,Winden and Thrust,game_implementation.mechanics.action_relationship
play-german-sword-in-one-hand-winden-and-thrust,Winden and Thrust,game_implementation.mechanics.spiritus_cost
play-german-sword-in-one-hand-winden-and-thrust,Winden and Thrust,game_implementation.mechanics.test_resolution
play-german-sword-in-one-hand-winden-and-thrust,Winden and Thrust,game_implementation.mechanics.defence
play-german-sword-in-one-hand-winden-and-thrust,Winden and Thrust,game_implementation.mechanics.success
play-german-sword-in-one-hand-winden-and-thrust,Winden and Thrust,game_implementation.mechanics.failure
play-german-sword-in-one-hand-winden-and-thrust,Winden and Thrust,game_implementation.mechanics.aftermath
play-german-sword-in-one-hand-winden-and-thrust,Winden and Thrust,game_implementation.mechanics.limits
play-german-sword-in-one-hand-zornhau-ort,Zornhau-Ort,historical_identity.historical_confidence
play-german-sword-in-one-hand-zornhau-ort,Zornhau-Ort,historical_identity.source_citations.exact_historical_location
play-german-sword-in-one-hand-zornhau-ort,Zornhau-Ort,game_implementation.character_sheet_test_skill
play-german-sword-in-one-hand-zornhau-ort,Zornhau-Ort,game_implementation.secondary_skill_prerequisites
play-german-sword-in-one-hand-zornhau-ort,Zornhau-Ort,game_implementation.weapon_requirements
play-german-sword-in-one-hand-zornhau-ort,Zornhau-Ort,game_implementation.off_hand_requirement
play-german-sword-in-one-hand-zornhau-ort,Zornhau-Ort,game_implementation.timing.category
play-german-sword-in-one-hand-zornhau-ort,Zornhau-Ort,game_implementation.mechanics.learn_requirements
play-german-sword-in-one-hand-zornhau-ort,Zornhau-Ort,game_implementation.mechanics.use_conditions
play-german-sword-in-one-hand-zornhau-ort,Zornhau-Ort,game_implementation.mechanics.action_relationship
play-german-sword-in-one-hand-zornhau-ort,Zornhau-Ort,game_implementation.mechanics.spiritus_cost
play-german-sword-in-one-hand-zornhau-ort,Zornhau-Ort,game_implementation.mechanics.test_resolution
play-german-sword-in-one-hand-zornhau-ort,Zornhau-Ort,game_implementation.mechanics.defence
play-german-sword-in-one-hand-zornhau-ort,Zornhau-Ort,game_implementation.mechanics.success
play-german-sword-in-one-hand-zornhau-ort,Zornhau-Ort,game_implementation.mechanics.failure
play-german-sword-in-one-hand-zornhau-ort,Zornhau-Ort,game_implementation.mechanics.aftermath
play-german-sword-in-one-hand-zornhau-ort,Zornhau-Ort,game_implementation.mechanics.limits
play-german-wrestling-cast-over-the-leg,Cast Over the Leg,historical_identity.historical_confidence
play-german-wrestling-cast-over-the-leg,Cast Over the Leg,historical_identity.source_citations.exact_historical_location
play-german-wrestling-cast-over-the-leg,Cast Over the Leg,game_implementation.character_sheet_test_skill
play-german-wrestling-cast-over-the-leg,Cast Over the Leg,game_implementation.secondary_skill_prerequisites
play-german-wrestling-cast-over-the-leg,Cast Over the Leg,game_implementation.weapon_requirements
play-german-wrestling-cast-over-the-leg,Cast Over the Leg,game_implementation.off_hand_requirement
play-german-wrestling-cast-over-the-leg,Cast Over the Leg,game_implementation.timing.category
play-german-wrestling-cast-over-the-leg,Cast Over the Leg,game_implementation.mechanics.learn_requirements
play-german-wrestling-cast-over-the-leg,Cast Over the Leg,game_implementation.mechanics.use_conditions
play-german-wrestling-cast-over-the-leg,Cast Over the Leg,game_implementation.mechanics.action_relationship
play-german-wrestling-cast-over-the-leg,Cast Over the Leg,game_implementation.mechanics.spiritus_cost
play-german-wrestling-cast-over-the-leg,Cast Over the Leg,game_implementation.mechanics.test_resolution
play-german-wrestling-cast-over-the-leg,Cast Over the Leg,game_implementation.mechanics.defence
play-german-wrestling-cast-over-the-leg,Cast Over the Leg,game_implementation.mechanics.success
play-german-wrestling-cast-over-the-leg,Cast Over the Leg,game_implementation.mechanics.failure
play-german-wrestling-cast-over-the-leg,Cast Over the Leg,game_implementation.mechanics.aftermath
play-german-wrestling-cast-over-the-leg,Cast Over the Leg,game_implementation.mechanics.limits
play-german-wrestling-counter-wrestling,Counter-Wrestling,historical_identity.historical_confidence
play-german-wrestling-counter-wrestling,Counter-Wrestling,historical_identity.source_citations.exact_historical_location
play-german-wrestling-counter-wrestling,Counter-Wrestling,game_implementation.character_sheet_test_skill
play-german-wrestling-counter-wrestling,Counter-Wrestling,game_implementation.secondary_skill_prerequisites
play-german-wrestling-counter-wrestling,Counter-Wrestling,game_implementation.weapon_requirements
play-german-wrestling-counter-wrestling,Counter-Wrestling,game_implementation.off_hand_requirement
play-german-wrestling-counter-wrestling,Counter-Wrestling,game_implementation.timing.category
play-german-wrestling-counter-wrestling,Counter-Wrestling,game_implementation.mechanics.learn_requirements
play-german-wrestling-counter-wrestling,Counter-Wrestling,game_implementation.mechanics.use_conditions
play-german-wrestling-counter-wrestling,Counter-Wrestling,game_implementation.mechanics.action_relationship
play-german-wrestling-counter-wrestling,Counter-Wrestling,game_implementation.mechanics.spiritus_cost
play-german-wrestling-counter-wrestling,Counter-Wrestling,game_implementation.mechanics.test_resolution
play-german-wrestling-counter-wrestling,Counter-Wrestling,game_implementation.mechanics.defence
play-german-wrestling-counter-wrestling,Counter-Wrestling,game_implementation.mechanics.success
play-german-wrestling-counter-wrestling,Counter-Wrestling,game_implementation.mechanics.failure
play-german-wrestling-counter-wrestling,Counter-Wrestling,game_implementation.mechanics.aftermath
play-german-wrestling-counter-wrestling,Counter-Wrestling,game_implementation.mechanics.limits
play-german-wrestling-double-arm-lever,Double Arm Lever,historical_identity.historical_confidence
play-german-wrestling-double-arm-lever,Double Arm Lever,historical_identity.source_citations.exact_historical_location
play-german-wrestling-double-arm-lever,Double Arm Lever,game_implementation.character_sheet_test_skill
play-german-wrestling-double-arm-lever,Double Arm Lever,game_implementation.secondary_skill_prerequisites
play-german-wrestling-double-arm-lever,Double Arm Lever,game_implementation.weapon_requirements
play-german-wrestling-double-arm-lever,Double Arm Lever,game_implementation.off_hand_requirement
play-german-wrestling-double-arm-lever,Double Arm Lever,game_implementation.timing.category
play-german-wrestling-double-arm-lever,Double Arm Lever,game_implementation.mechanics.learn_requirements
play-german-wrestling-double-arm-lever,Double Arm Lever,game_implementation.mechanics.use_conditions
play-german-wrestling-double-arm-lever,Double Arm Lever,game_implementation.mechanics.action_relationship
play-german-wrestling-double-arm-lever,Double Arm Lever,game_implementation.mechanics.spiritus_cost
play-german-wrestling-double-arm-lever,Double Arm Lever,game_implementation.mechanics.test_resolution
play-german-wrestling-double-arm-lever,Double Arm Lever,game_implementation.mechanics.defence
play-german-wrestling-double-arm-lever,Double Arm Lever,game_implementation.mechanics.success
play-german-wrestling-double-arm-lever,Double Arm Lever,game_implementation.mechanics.failure
play-german-wrestling-double-arm-lever,Double Arm Lever,game_implementation.mechanics.aftermath
play-german-wrestling-double-arm-lever,Double Arm Lever,game_implementation.mechanics.limits
play-german-wrestling-elbow-lever,Elbow Lever,historical_identity.historical_confidence
play-german-wrestling-elbow-lever,Elbow Lever,historical_identity.source_citations.exact_historical_location
play-german-wrestling-elbow-lever,Elbow Lever,game_implementation.character_sheet_test_skill
play-german-wrestling-elbow-lever,Elbow Lever,game_implementation.secondary_skill_prerequisites
play-german-wrestling-elbow-lever,Elbow Lever,game_implementation.weapon_requirements
play-german-wrestling-elbow-lever,Elbow Lever,game_implementation.off_hand_requirement
play-german-wrestling-elbow-lever,Elbow Lever,game_implementation.timing.category
play-german-wrestling-elbow-lever,Elbow Lever,game_implementation.mechanics.learn_requirements
play-german-wrestling-elbow-lever,Elbow Lever,game_implementation.mechanics.use_conditions
play-german-wrestling-elbow-lever,Elbow Lever,game_implementation.mechanics.action_relationship
play-german-wrestling-elbow-lever,Elbow Lever,game_implementation.mechanics.spiritus_cost
play-german-wrestling-elbow-lever,Elbow Lever,game_implementation.mechanics.test_resolution
play-german-wrestling-elbow-lever,Elbow Lever,game_implementation.mechanics.defence
play-german-wrestling-elbow-lever,Elbow Lever,game_implementation.mechanics.success
play-german-wrestling-elbow-lever,Elbow Lever,game_implementation.mechanics.failure
play-german-wrestling-elbow-lever,Elbow Lever,game_implementation.mechanics.aftermath
play-german-wrestling-elbow-lever,Elbow Lever,game_implementation.mechanics.limits
play-german-wrestling-elbow-turn,Elbow Turn,historical_identity.historical_confidence
play-german-wrestling-elbow-turn,Elbow Turn,historical_identity.source_citations.exact_historical_location
play-german-wrestling-elbow-turn,Elbow Turn,game_implementation.character_sheet_test_skill
play-german-wrestling-elbow-turn,Elbow Turn,game_implementation.secondary_skill_prerequisites
play-german-wrestling-elbow-turn,Elbow Turn,game_implementation.weapon_requirements
play-german-wrestling-elbow-turn,Elbow Turn,game_implementation.off_hand_requirement
play-german-wrestling-elbow-turn,Elbow Turn,game_implementation.timing.category
play-german-wrestling-elbow-turn,Elbow Turn,game_implementation.mechanics.learn_requirements
play-german-wrestling-elbow-turn,Elbow Turn,game_implementation.mechanics.use_conditions
play-german-wrestling-elbow-turn,Elbow Turn,game_implementation.mechanics.action_relationship
play-german-wrestling-elbow-turn,Elbow Turn,game_implementation.mechanics.spiritus_cost
play-german-wrestling-elbow-turn,Elbow Turn,game_implementation.mechanics.test_resolution
play-german-wrestling-elbow-turn,Elbow Turn,game_implementation.mechanics.defence
play-german-wrestling-elbow-turn,Elbow Turn,game_implementation.mechanics.success
play-german-wrestling-elbow-turn,Elbow Turn,game_implementation.mechanics.failure
play-german-wrestling-elbow-turn,Elbow Turn,game_implementation.mechanics.aftermath
play-german-wrestling-elbow-turn,Elbow Turn,game_implementation.mechanics.limits
play-german-wrestling-hip-throw,Hip Throw,historical_identity.historical_confidence
play-german-wrestling-hip-throw,Hip Throw,historical_identity.source_citations.exact_historical_location
play-german-wrestling-hip-throw,Hip Throw,game_implementation.character_sheet_test_skill
play-german-wrestling-hip-throw,Hip Throw,game_implementation.secondary_skill_prerequisites
play-german-wrestling-hip-throw,Hip Throw,game_implementation.weapon_requirements
play-german-wrestling-hip-throw,Hip Throw,game_implementation.off_hand_requirement
play-german-wrestling-hip-throw,Hip Throw,game_implementation.timing.category
play-german-wrestling-hip-throw,Hip Throw,game_implementation.mechanics.learn_requirements
play-german-wrestling-hip-throw,Hip Throw,game_implementation.mechanics.use_conditions
play-german-wrestling-hip-throw,Hip Throw,game_implementation.mechanics.action_relationship
play-german-wrestling-hip-throw,Hip Throw,game_implementation.mechanics.spiritus_cost
play-german-wrestling-hip-throw,Hip Throw,game_implementation.mechanics.test_resolution
play-german-wrestling-hip-throw,Hip Throw,game_implementation.mechanics.defence
play-german-wrestling-hip-throw,Hip Throw,game_implementation.mechanics.success
play-german-wrestling-hip-throw,Hip Throw,game_implementation.mechanics.failure
play-german-wrestling-hip-throw,Hip Throw,game_implementation.mechanics.aftermath
play-german-wrestling-hip-throw,Hip Throw,game_implementation.mechanics.limits
play-german-wrestling-inside-outside-clinch,Inside-Outside Clinch,historical_identity.historical_confidence
play-german-wrestling-inside-outside-clinch,Inside-Outside Clinch,historical_identity.source_citations.exact_historical_location
play-german-wrestling-inside-outside-clinch,Inside-Outside Clinch,game_implementation.character_sheet_test_skill
play-german-wrestling-inside-outside-clinch,Inside-Outside Clinch,game_implementation.secondary_skill_prerequisites
play-german-wrestling-inside-outside-clinch,Inside-Outside Clinch,game_implementation.weapon_requirements
play-german-wrestling-inside-outside-clinch,Inside-Outside Clinch,game_implementation.off_hand_requirement
play-german-wrestling-inside-outside-clinch,Inside-Outside Clinch,game_implementation.timing.category
play-german-wrestling-inside-outside-clinch,Inside-Outside Clinch,game_implementation.mechanics.learn_requirements
play-german-wrestling-inside-outside-clinch,Inside-Outside Clinch,game_implementation.mechanics.use_conditions
play-german-wrestling-inside-outside-clinch,Inside-Outside Clinch,game_implementation.mechanics.action_relationship
play-german-wrestling-inside-outside-clinch,Inside-Outside Clinch,game_implementation.mechanics.spiritus_cost
play-german-wrestling-inside-outside-clinch,Inside-Outside Clinch,game_implementation.mechanics.test_resolution
play-german-wrestling-inside-outside-clinch,Inside-Outside Clinch,game_implementation.mechanics.defence
play-german-wrestling-inside-outside-clinch,Inside-Outside Clinch,game_implementation.mechanics.success
play-german-wrestling-inside-outside-clinch,Inside-Outside Clinch,game_implementation.mechanics.failure
play-german-wrestling-inside-outside-clinch,Inside-Outside Clinch,game_implementation.mechanics.aftermath
play-german-wrestling-inside-outside-clinch,Inside-Outside Clinch,game_implementation.mechanics.limits
play-german-wrestling-rear-clasp-throw,Rear-Clasp Throw,historical_identity.historical_confidence
play-german-wrestling-rear-clasp-throw,Rear-Clasp Throw,historical_identity.source_citations.exact_historical_location
play-german-wrestling-rear-clasp-throw,Rear-Clasp Throw,game_implementation.character_sheet_test_skill
play-german-wrestling-rear-clasp-throw,Rear-Clasp Throw,game_implementation.secondary_skill_prerequisites
play-german-wrestling-rear-clasp-throw,Rear-Clasp Throw,game_implementation.weapon_requirements
play-german-wrestling-rear-clasp-throw,Rear-Clasp Throw,game_implementation.off_hand_requirement
play-german-wrestling-rear-clasp-throw,Rear-Clasp Throw,game_implementation.timing.category
play-german-wrestling-rear-clasp-throw,Rear-Clasp Throw,game_implementation.mechanics.learn_requirements
play-german-wrestling-rear-clasp-throw,Rear-Clasp Throw,game_implementation.mechanics.use_conditions
play-german-wrestling-rear-clasp-throw,Rear-Clasp Throw,game_implementation.mechanics.action_relationship
play-german-wrestling-rear-clasp-throw,Rear-Clasp Throw,game_implementation.mechanics.spiritus_cost
play-german-wrestling-rear-clasp-throw,Rear-Clasp Throw,game_implementation.mechanics.test_resolution
play-german-wrestling-rear-clasp-throw,Rear-Clasp Throw,game_implementation.mechanics.defence
play-german-wrestling-rear-clasp-throw,Rear-Clasp Throw,game_implementation.mechanics.success
play-german-wrestling-rear-clasp-throw,Rear-Clasp Throw,game_implementation.mechanics.failure
play-german-wrestling-rear-clasp-throw,Rear-Clasp Throw,game_implementation.mechanics.aftermath
play-german-wrestling-rear-clasp-throw,Rear-Clasp Throw,game_implementation.mechanics.limits
play-italian-axe-and-mace-armour-gap-pick,Armour-Gap Pick,historical_identity.historical_confidence
play-italian-axe-and-mace-armour-gap-pick,Armour-Gap Pick,historical_identity.source_citations.exact_historical_location
play-italian-axe-and-mace-armour-gap-pick,Armour-Gap Pick,game_implementation.character_sheet_test_skill
play-italian-axe-and-mace-armour-gap-pick,Armour-Gap Pick,game_implementation.secondary_skill_prerequisites
play-italian-axe-and-mace-armour-gap-pick,Armour-Gap Pick,game_implementation.weapon_requirements
play-italian-axe-and-mace-armour-gap-pick,Armour-Gap Pick,game_implementation.off_hand_requirement
play-italian-axe-and-mace-armour-gap-pick,Armour-Gap Pick,game_implementation.timing.category
play-italian-axe-and-mace-armour-gap-pick,Armour-Gap Pick,game_implementation.mechanics.learn_requirements
play-italian-axe-and-mace-armour-gap-pick,Armour-Gap Pick,game_implementation.mechanics.use_conditions
play-italian-axe-and-mace-armour-gap-pick,Armour-Gap Pick,game_implementation.mechanics.action_relationship
play-italian-axe-and-mace-armour-gap-pick,Armour-Gap Pick,game_implementation.mechanics.spiritus_cost
play-italian-axe-and-mace-armour-gap-pick,Armour-Gap Pick,game_implementation.mechanics.test_resolution
play-italian-axe-and-mace-armour-gap-pick,Armour-Gap Pick,game_implementation.mechanics.defence
play-italian-axe-and-mace-armour-gap-pick,Armour-Gap Pick,game_implementation.mechanics.success
play-italian-axe-and-mace-armour-gap-pick,Armour-Gap Pick,game_implementation.mechanics.failure
play-italian-axe-and-mace-armour-gap-pick,Armour-Gap Pick,game_implementation.mechanics.aftermath
play-italian-axe-and-mace-armour-gap-pick,Armour-Gap Pick,game_implementation.mechanics.limits
play-italian-axe-and-mace-beat-and-strike,Beat and Strike,historical_identity.historical_confidence
play-italian-axe-and-mace-beat-and-strike,Beat and Strike,historical_identity.source_citations.exact_historical_location
play-italian-axe-and-mace-beat-and-strike,Beat and Strike,game_implementation.character_sheet_test_skill
play-italian-axe-and-mace-beat-and-strike,Beat and Strike,game_implementation.secondary_skill_prerequisites
play-italian-axe-and-mace-beat-and-strike,Beat and Strike,game_implementation.weapon_requirements
play-italian-axe-and-mace-beat-and-strike,Beat and Strike,game_implementation.off_hand_requirement
play-italian-axe-and-mace-beat-and-strike,Beat and Strike,game_implementation.timing.category
play-italian-axe-and-mace-beat-and-strike,Beat and Strike,game_implementation.mechanics.learn_requirements
play-italian-axe-and-mace-beat-and-strike,Beat and Strike,game_implementation.mechanics.use_conditions
play-italian-axe-and-mace-beat-and-strike,Beat and Strike,game_implementation.mechanics.action_relationship
play-italian-axe-and-mace-beat-and-strike,Beat and Strike,game_implementation.mechanics.spiritus_cost
play-italian-axe-and-mace-beat-and-strike,Beat and Strike,game_implementation.mechanics.test_resolution
play-italian-axe-and-mace-beat-and-strike,Beat and Strike,game_implementation.mechanics.defence
play-italian-axe-and-mace-beat-and-strike,Beat and Strike,game_implementation.mechanics.success
play-italian-axe-and-mace-beat-and-strike,Beat and Strike,game_implementation.mechanics.failure
play-italian-axe-and-mace-beat-and-strike,Beat and Strike,game_implementation.mechanics.aftermath
play-italian-axe-and-mace-beat-and-strike,Beat and Strike,game_implementation.mechanics.limits
play-italian-axe-and-mace-close-play-of-the-axe,Close Play of the Axe,historical_identity.historical_confidence
play-italian-axe-and-mace-close-play-of-the-axe,Close Play of the Axe,historical_identity.source_citations.exact_historical_location
play-italian-axe-and-mace-close-play-of-the-axe,Close Play of the Axe,game_implementation.character_sheet_test_skill
play-italian-axe-and-mace-close-play-of-the-axe,Close Play of the Axe,game_implementation.secondary_skill_prerequisites
play-italian-axe-and-mace-close-play-of-the-axe,Close Play of the Axe,game_implementation.weapon_requirements
play-italian-axe-and-mace-close-play-of-the-axe,Close Play of the Axe,game_implementation.off_hand_requirement
play-italian-axe-and-mace-close-play-of-the-axe,Close Play of the Axe,game_implementation.timing.category
play-italian-axe-and-mace-close-play-of-the-axe,Close Play of the Axe,game_implementation.mechanics.learn_requirements
play-italian-axe-and-mace-close-play-of-the-axe,Close Play of the Axe,game_implementation.mechanics.use_conditions
play-italian-axe-and-mace-close-play-of-the-axe,Close Play of the Axe,game_implementation.mechanics.action_relationship
play-italian-axe-and-mace-close-play-of-the-axe,Close Play of the Axe,game_implementation.mechanics.spiritus_cost
play-italian-axe-and-mace-close-play-of-the-axe,Close Play of the Axe,game_implementation.mechanics.test_resolution
play-italian-axe-and-mace-close-play-of-the-axe,Close Play of the Axe,game_implementation.mechanics.defence
play-italian-axe-and-mace-close-play-of-the-axe,Close Play of the Axe,game_implementation.mechanics.success
play-italian-axe-and-mace-close-play-of-the-axe,Close Play of the Axe,game_implementation.mechanics.failure
play-italian-axe-and-mace-close-play-of-the-axe,Close Play of the Axe,game_implementation.mechanics.aftermath
play-italian-axe-and-mace-close-play-of-the-axe,Close Play of the Axe,game_implementation.mechanics.limits
play-italian-axe-and-mace-false-blow,False Blow,historical_identity.historical_confidence
play-italian-axe-and-mace-false-blow,False Blow,historical_identity.source_citations.exact_historical_location
play-italian-axe-and-mace-false-blow,False Blow,game_implementation.character_sheet_test_skill
play-italian-axe-and-mace-false-blow,False Blow,game_implementation.secondary_skill_prerequisites
play-italian-axe-and-mace-false-blow,False Blow,game_implementation.weapon_requirements
play-italian-axe-and-mace-false-blow,False Blow,game_implementation.off_hand_requirement
play-italian-axe-and-mace-false-blow,False Blow,game_implementation.timing.category
play-italian-axe-and-mace-false-blow,False Blow,game_implementation.mechanics.learn_requirements
play-italian-axe-and-mace-false-blow,False Blow,game_implementation.mechanics.use_conditions
play-italian-axe-and-mace-false-blow,False Blow,game_implementation.mechanics.action_relationship
play-italian-axe-and-mace-false-blow,False Blow,game_implementation.mechanics.spiritus_cost
play-italian-axe-and-mace-false-blow,False Blow,game_implementation.mechanics.test_resolution
play-italian-axe-and-mace-false-blow,False Blow,game_implementation.mechanics.defence
play-italian-axe-and-mace-false-blow,False Blow,game_implementation.mechanics.success
play-italian-axe-and-mace-false-blow,False Blow,game_implementation.mechanics.failure
play-italian-axe-and-mace-false-blow,False Blow,game_implementation.mechanics.aftermath
play-italian-axe-and-mace-false-blow,False Blow,game_implementation.mechanics.limits
play-italian-axe-and-mace-guardia-alta-della-mazza,Guardia Alta della Mazza,historical_identity.historical_confidence
play-italian-axe-and-mace-guardia-alta-della-mazza,Guardia Alta della Mazza,historical_identity.source_citations.exact_historical_location
play-italian-axe-and-mace-guardia-alta-della-mazza,Guardia Alta della Mazza,game_implementation.character_sheet_test_skill
play-italian-axe-and-mace-guardia-alta-della-mazza,Guardia Alta della Mazza,game_implementation.secondary_skill_prerequisites
play-italian-axe-and-mace-guardia-alta-della-mazza,Guardia Alta della Mazza,game_implementation.weapon_requirements
play-italian-axe-and-mace-guardia-alta-della-mazza,Guardia Alta della Mazza,game_implementation.off_hand_requirement
play-italian-axe-and-mace-guardia-alta-della-mazza,Guardia Alta della Mazza,game_implementation.timing.category
play-italian-axe-and-mace-guardia-alta-della-mazza,Guardia Alta della Mazza,game_implementation.mechanics.learn_requirements
play-italian-axe-and-mace-guardia-alta-della-mazza,Guardia Alta della Mazza,game_implementation.mechanics.use_conditions
play-italian-axe-and-mace-guardia-alta-della-mazza,Guardia Alta della Mazza,game_implementation.mechanics.action_relationship
play-italian-axe-and-mace-guardia-alta-della-mazza,Guardia Alta della Mazza,game_implementation.mechanics.spiritus_cost
play-italian-axe-and-mace-guardia-alta-della-mazza,Guardia Alta della Mazza,game_implementation.mechanics.test_resolution
play-italian-axe-and-mace-guardia-alta-della-mazza,Guardia Alta della Mazza,game_implementation.mechanics.defence
play-italian-axe-and-mace-guardia-alta-della-mazza,Guardia Alta della Mazza,game_implementation.mechanics.success
play-italian-axe-and-mace-guardia-alta-della-mazza,Guardia Alta della Mazza,game_implementation.mechanics.failure
play-italian-axe-and-mace-guardia-alta-della-mazza,Guardia Alta della Mazza,game_implementation.mechanics.aftermath
play-italian-axe-and-mace-guardia-alta-della-mazza,Guardia Alta della Mazza,game_implementation.mechanics.limits
play-italian-axe-and-mace-hook-and-cast,Hook and Cast,historical_identity.historical_confidence
play-italian-axe-and-mace-hook-and-cast,Hook and Cast,historical_identity.source_citations.exact_historical_location
play-italian-axe-and-mace-hook-and-cast,Hook and Cast,game_implementation.character_sheet_test_skill
play-italian-axe-and-mace-hook-and-cast,Hook and Cast,game_implementation.secondary_skill_prerequisites
play-italian-axe-and-mace-hook-and-cast,Hook and Cast,game_implementation.weapon_requirements
play-italian-axe-and-mace-hook-and-cast,Hook and Cast,game_implementation.off_hand_requirement
play-italian-axe-and-mace-hook-and-cast,Hook and Cast,game_implementation.timing.category
play-italian-axe-and-mace-hook-and-cast,Hook and Cast,game_implementation.mechanics.learn_requirements
play-italian-axe-and-mace-hook-and-cast,Hook and Cast,game_implementation.mechanics.use_conditions
play-italian-axe-and-mace-hook-and-cast,Hook and Cast,game_implementation.mechanics.action_relationship
play-italian-axe-and-mace-hook-and-cast,Hook and Cast,game_implementation.mechanics.spiritus_cost
play-italian-axe-and-mace-hook-and-cast,Hook and Cast,game_implementation.mechanics.test_resolution
play-italian-axe-and-mace-hook-and-cast,Hook and Cast,game_implementation.mechanics.defence
play-italian-axe-and-mace-hook-and-cast,Hook and Cast,game_implementation.mechanics.success
play-italian-axe-and-mace-hook-and-cast,Hook and Cast,game_implementation.mechanics.failure
play-italian-axe-and-mace-hook-and-cast,Hook and Cast,game_implementation.mechanics.aftermath
play-italian-axe-and-mace-hook-and-cast,Hook and Cast,game_implementation.mechanics.limits
play-italian-axe-and-mace-hook-the-arm,Hook the Arm,historical_identity.historical_confidence
play-italian-axe-and-mace-hook-the-arm,Hook the Arm,historical_identity.source_citations.exact_historical_location
play-italian-axe-and-mace-hook-the-arm,Hook the Arm,game_implementation.character_sheet_test_skill
play-italian-axe-and-mace-hook-the-arm,Hook the Arm,game_implementation.secondary_skill_prerequisites
play-italian-axe-and-mace-hook-the-arm,Hook the Arm,game_implementation.weapon_requirements
play-italian-axe-and-mace-hook-the-arm,Hook the Arm,game_implementation.off_hand_requirement
play-italian-axe-and-mace-hook-the-arm,Hook the Arm,game_implementation.timing.category
play-italian-axe-and-mace-hook-the-arm,Hook the Arm,game_implementation.mechanics.learn_requirements
play-italian-axe-and-mace-hook-the-arm,Hook the Arm,game_implementation.mechanics.use_conditions
play-italian-axe-and-mace-hook-the-arm,Hook the Arm,game_implementation.mechanics.action_relationship
play-italian-axe-and-mace-hook-the-arm,Hook the Arm,game_implementation.mechanics.spiritus_cost
play-italian-axe-and-mace-hook-the-arm,Hook the Arm,game_implementation.mechanics.test_resolution
play-italian-axe-and-mace-hook-the-arm,Hook the Arm,game_implementation.mechanics.defence
play-italian-axe-and-mace-hook-the-arm,Hook the Arm,game_implementation.mechanics.success
play-italian-axe-and-mace-hook-the-arm,Hook the Arm,game_implementation.mechanics.failure
play-italian-axe-and-mace-hook-the-arm,Hook the Arm,game_implementation.mechanics.aftermath
play-italian-axe-and-mace-hook-the-arm,Hook the Arm,game_implementation.mechanics.limits
play-italian-axe-and-mace-passing-blow,Passing Blow,historical_identity.historical_confidence
play-italian-axe-and-mace-passing-blow,Passing Blow,historical_identity.source_citations.exact_historical_location
play-italian-axe-and-mace-passing-blow,Passing Blow,game_implementation.character_sheet_test_skill
play-italian-axe-and-mace-passing-blow,Passing Blow,game_implementation.secondary_skill_prerequisites
play-italian-axe-and-mace-passing-blow,Passing Blow,game_implementation.weapon_requirements
play-italian-axe-and-mace-passing-blow,Passing Blow,game_implementation.off_hand_requirement
play-italian-axe-and-mace-passing-blow,Passing Blow,game_implementation.timing.category
play-italian-axe-and-mace-passing-blow,Passing Blow,game_implementation.mechanics.learn_requirements
play-italian-axe-and-mace-passing-blow,Passing Blow,game_implementation.mechanics.use_conditions
play-italian-axe-and-mace-passing-blow,Passing Blow,game_implementation.mechanics.action_relationship
play-italian-axe-and-mace-passing-blow,Passing Blow,game_implementation.mechanics.spiritus_cost
play-italian-axe-and-mace-passing-blow,Passing Blow,game_implementation.mechanics.test_resolution
play-italian-axe-and-mace-passing-blow,Passing Blow,game_implementation.mechanics.defence
play-italian-axe-and-mace-passing-blow,Passing Blow,game_implementation.mechanics.success
play-italian-axe-and-mace-passing-blow,Passing Blow,game_implementation.mechanics.failure
play-italian-axe-and-mace-passing-blow,Passing Blow,game_implementation.mechanics.aftermath
play-italian-axe-and-mace-passing-blow,Passing Blow,game_implementation.mechanics.limits
play-italian-dagger-arm-dislocation,Arm Dislocation,historical_identity.historical_confidence
play-italian-dagger-arm-dislocation,Arm Dislocation,historical_identity.source_citations.exact_historical_location
play-italian-dagger-arm-dislocation,Arm Dislocation,game_implementation.character_sheet_test_skill
play-italian-dagger-arm-dislocation,Arm Dislocation,game_implementation.secondary_skill_prerequisites
play-italian-dagger-arm-dislocation,Arm Dislocation,game_implementation.weapon_requirements
play-italian-dagger-arm-dislocation,Arm Dislocation,game_implementation.off_hand_requirement
play-italian-dagger-arm-dislocation,Arm Dislocation,game_implementation.timing.category
play-italian-dagger-arm-dislocation,Arm Dislocation,game_implementation.mechanics.learn_requirements
play-italian-dagger-arm-dislocation,Arm Dislocation,game_implementation.mechanics.use_conditions
play-italian-dagger-arm-dislocation,Arm Dislocation,game_implementation.mechanics.action_relationship
play-italian-dagger-arm-dislocation,Arm Dislocation,game_implementation.mechanics.spiritus_cost
play-italian-dagger-arm-dislocation,Arm Dislocation,game_implementation.mechanics.test_resolution
play-italian-dagger-arm-dislocation,Arm Dislocation,game_implementation.mechanics.defence
play-italian-dagger-arm-dislocation,Arm Dislocation,game_implementation.mechanics.success
play-italian-dagger-arm-dislocation,Arm Dislocation,game_implementation.mechanics.failure
play-italian-dagger-arm-dislocation,Arm Dislocation,game_implementation.mechanics.aftermath
play-italian-dagger-arm-dislocation,Arm Dislocation,game_implementation.mechanics.limits
play-italian-dagger-dagger-take,Dagger Take,historical_identity.historical_confidence
play-italian-dagger-dagger-take,Dagger Take,historical_identity.source_citations.exact_historical_location
play-italian-dagger-dagger-take,Dagger Take,game_implementation.character_sheet_test_skill
play-italian-dagger-dagger-take,Dagger Take,game_implementation.secondary_skill_prerequisites
play-italian-dagger-dagger-take,Dagger Take,game_implementation.weapon_requirements
play-italian-dagger-dagger-take,Dagger Take,game_implementation.off_hand_requirement
play-italian-dagger-dagger-take,Dagger Take,game_implementation.timing.category
play-italian-dagger-dagger-take,Dagger Take,game_implementation.mechanics.learn_requirements
play-italian-dagger-dagger-take,Dagger Take,game_implementation.mechanics.use_conditions
play-italian-dagger-dagger-take,Dagger Take,game_implementation.mechanics.action_relationship
play-italian-dagger-dagger-take,Dagger Take,game_implementation.mechanics.spiritus_cost
play-italian-dagger-dagger-take,Dagger Take,game_implementation.mechanics.test_resolution
play-italian-dagger-dagger-take,Dagger Take,game_implementation.mechanics.defence
play-italian-dagger-dagger-take,Dagger Take,game_implementation.mechanics.success
play-italian-dagger-dagger-take,Dagger Take,game_implementation.mechanics.failure
play-italian-dagger-dagger-take,Dagger Take,game_implementation.mechanics.aftermath
play-italian-dagger-dagger-take,Dagger Take,game_implementation.mechanics.limits
play-italian-dagger-first-remedy-cover,First Remedy Cover,historical_identity.historical_confidence
play-italian-dagger-first-remedy-cover,First Remedy Cover,historical_identity.source_citations.exact_historical_location
play-italian-dagger-first-remedy-cover,First Remedy Cover,game_implementation.character_sheet_test_skill
play-italian-dagger-first-remedy-cover,First Remedy Cover,game_implementation.secondary_skill_prerequisites
play-italian-dagger-first-remedy-cover,First Remedy Cover,game_implementation.weapon_requirements
play-italian-dagger-first-remedy-cover,First Remedy Cover,game_implementation.off_hand_requirement
play-italian-dagger-first-remedy-cover,First Remedy Cover,game_implementation.timing.category
play-italian-dagger-first-remedy-cover,First Remedy Cover,game_implementation.mechanics.learn_requirements
play-italian-dagger-first-remedy-cover,First Remedy Cover,game_implementation.mechanics.use_conditions
play-italian-dagger-first-remedy-cover,First Remedy Cover,game_implementation.mechanics.action_relationship
play-italian-dagger-first-remedy-cover,First Remedy Cover,game_implementation.mechanics.spiritus_cost
play-italian-dagger-first-remedy-cover,First Remedy Cover,game_implementation.mechanics.test_resolution
play-italian-dagger-first-remedy-cover,First Remedy Cover,game_implementation.mechanics.defence
play-italian-dagger-first-remedy-cover,First Remedy Cover,game_implementation.mechanics.success
play-italian-dagger-first-remedy-cover,First Remedy Cover,game_implementation.mechanics.failure
play-italian-dagger-first-remedy-cover,First Remedy Cover,game_implementation.mechanics.aftermath
play-italian-dagger-first-remedy-cover,First Remedy Cover,game_implementation.mechanics.limits
play-italian-dagger-fourth-remedy-cover,Fourth Remedy Cover,historical_identity.historical_confidence
play-italian-dagger-fourth-remedy-cover,Fourth Remedy Cover,historical_identity.source_citations.exact_historical_location
play-italian-dagger-fourth-remedy-cover,Fourth Remedy Cover,game_implementation.character_sheet_test_skill
play-italian-dagger-fourth-remedy-cover,Fourth Remedy Cover,game_implementation.secondary_skill_prerequisites
play-italian-dagger-fourth-remedy-cover,Fourth Remedy Cover,game_implementation.weapon_requirements
play-italian-dagger-fourth-remedy-cover,Fourth Remedy Cover,game_implementation.off_hand_requirement
play-italian-dagger-fourth-remedy-cover,Fourth Remedy Cover,game_implementation.timing.category
play-italian-dagger-fourth-remedy-cover,Fourth Remedy Cover,game_implementation.mechanics.learn_requirements
play-italian-dagger-fourth-remedy-cover,Fourth Remedy Cover,game_implementation.mechanics.use_conditions
play-italian-dagger-fourth-remedy-cover,Fourth Remedy Cover,game_implementation.mechanics.action_relationship
play-italian-dagger-fourth-remedy-cover,Fourth Remedy Cover,game_implementation.mechanics.spiritus_cost
play-italian-dagger-fourth-remedy-cover,Fourth Remedy Cover,game_implementation.mechanics.test_resolution
play-italian-dagger-fourth-remedy-cover,Fourth Remedy Cover,game_implementation.mechanics.defence
play-italian-dagger-fourth-remedy-cover,Fourth Remedy Cover,game_implementation.mechanics.success
play-italian-dagger-fourth-remedy-cover,Fourth Remedy Cover,game_implementation.mechanics.failure
play-italian-dagger-fourth-remedy-cover,Fourth Remedy Cover,game_implementation.mechanics.aftermath
play-italian-dagger-fourth-remedy-cover,Fourth Remedy Cover,game_implementation.mechanics.limits
play-italian-dagger-middle-bind,Middle Bind,historical_identity.historical_confidence
play-italian-dagger-middle-bind,Middle Bind,historical_identity.source_citations.exact_historical_location
play-italian-dagger-middle-bind,Middle Bind,game_implementation.character_sheet_test_skill
play-italian-dagger-middle-bind,Middle Bind,game_implementation.secondary_skill_prerequisites
play-italian-dagger-middle-bind,Middle Bind,game_implementation.weapon_requirements
play-italian-dagger-middle-bind,Middle Bind,game_implementation.off_hand_requirement
play-italian-dagger-middle-bind,Middle Bind,game_implementation.timing.category
play-italian-dagger-middle-bind,Middle Bind,game_implementation.mechanics.learn_requirements
play-italian-dagger-middle-bind,Middle Bind,game_implementation.mechanics.use_conditions
play-italian-dagger-middle-bind,Middle Bind,game_implementation.mechanics.action_relationship
play-italian-dagger-middle-bind,Middle Bind,game_implementation.mechanics.spiritus_cost
play-italian-dagger-middle-bind,Middle Bind,game_implementation.mechanics.test_resolution
play-italian-dagger-middle-bind,Middle Bind,game_implementation.mechanics.defence
play-italian-dagger-middle-bind,Middle Bind,game_implementation.mechanics.success
play-italian-dagger-middle-bind,Middle Bind,game_implementation.mechanics.failure
play-italian-dagger-middle-bind,Middle Bind,game_implementation.mechanics.aftermath
play-italian-dagger-middle-bind,Middle Bind,game_implementation.mechanics.limits
play-italian-dagger-ninth-remedy-grip,Ninth Remedy Grip,historical_identity.historical_confidence
play-italian-dagger-ninth-remedy-grip,Ninth Remedy Grip,historical_identity.source_citations.exact_historical_location
play-italian-dagger-ninth-remedy-grip,Ninth Remedy Grip,game_implementation.character_sheet_test_skill
play-italian-dagger-ninth-remedy-grip,Ninth Remedy Grip,game_implementation.secondary_skill_prerequisites
play-italian-dagger-ninth-remedy-grip,Ninth Remedy Grip,game_implementation.weapon_requirements
play-italian-dagger-ninth-remedy-grip,Ninth Remedy Grip,game_implementation.off_hand_requirement
play-italian-dagger-ninth-remedy-grip,Ninth Remedy Grip,game_implementation.timing.category
play-italian-dagger-ninth-remedy-grip,Ninth Remedy Grip,game_implementation.mechanics.learn_requirements
play-italian-dagger-ninth-remedy-grip,Ninth Remedy Grip,game_implementation.mechanics.use_conditions
play-italian-dagger-ninth-remedy-grip,Ninth Remedy Grip,game_implementation.mechanics.action_relationship
play-italian-dagger-ninth-remedy-grip,Ninth Remedy Grip,game_implementation.mechanics.spiritus_cost
play-italian-dagger-ninth-remedy-grip,Ninth Remedy Grip,game_implementation.mechanics.test_resolution
play-italian-dagger-ninth-remedy-grip,Ninth Remedy Grip,game_implementation.mechanics.defence
play-italian-dagger-ninth-remedy-grip,Ninth Remedy Grip,game_implementation.mechanics.success
play-italian-dagger-ninth-remedy-grip,Ninth Remedy Grip,game_implementation.mechanics.failure
play-italian-dagger-ninth-remedy-grip,Ninth Remedy Grip,game_implementation.mechanics.aftermath
play-italian-dagger-ninth-remedy-grip,Ninth Remedy Grip,game_implementation.mechanics.limits
play-italian-dagger-strong-key,Strong Key,historical_identity.historical_confidence
play-italian-dagger-strong-key,Strong Key,historical_identity.source_citations.exact_historical_location
play-italian-dagger-strong-key,Strong Key,game_implementation.character_sheet_test_skill
play-italian-dagger-strong-key,Strong Key,game_implementation.secondary_skill_prerequisites
play-italian-dagger-strong-key,Strong Key,game_implementation.weapon_requirements
play-italian-dagger-strong-key,Strong Key,game_implementation.off_hand_requirement
play-italian-dagger-strong-key,Strong Key,game_implementation.timing.category
play-italian-dagger-strong-key,Strong Key,game_implementation.mechanics.learn_requirements
play-italian-dagger-strong-key,Strong Key,game_implementation.mechanics.use_conditions
play-italian-dagger-strong-key,Strong Key,game_implementation.mechanics.action_relationship
play-italian-dagger-strong-key,Strong Key,game_implementation.mechanics.spiritus_cost
play-italian-dagger-strong-key,Strong Key,game_implementation.mechanics.test_resolution
play-italian-dagger-strong-key,Strong Key,game_implementation.mechanics.defence
play-italian-dagger-strong-key,Strong Key,game_implementation.mechanics.success
play-italian-dagger-strong-key,Strong Key,game_implementation.mechanics.failure
play-italian-dagger-strong-key,Strong Key,game_implementation.mechanics.aftermath
play-italian-dagger-strong-key,Strong Key,game_implementation.mechanics.limits
play-italian-dagger-third-remedy-cover,Third Remedy Cover,historical_identity.historical_confidence
play-italian-dagger-third-remedy-cover,Third Remedy Cover,historical_identity.source_citations.exact_historical_location
play-italian-dagger-third-remedy-cover,Third Remedy Cover,game_implementation.character_sheet_test_skill
play-italian-dagger-third-remedy-cover,Third Remedy Cover,game_implementation.secondary_skill_prerequisites
play-italian-dagger-third-remedy-cover,Third Remedy Cover,game_implementation.weapon_requirements
play-italian-dagger-third-remedy-cover,Third Remedy Cover,game_implementation.off_hand_requirement
play-italian-dagger-third-remedy-cover,Third Remedy Cover,game_implementation.timing.category
play-italian-dagger-third-remedy-cover,Third Remedy Cover,game_implementation.mechanics.learn_requirements
play-italian-dagger-third-remedy-cover,Third Remedy Cover,game_implementation.mechanics.use_conditions
play-italian-dagger-third-remedy-cover,Third Remedy Cover,game_implementation.mechanics.action_relationship
play-italian-dagger-third-remedy-cover,Third Remedy Cover,game_implementation.mechanics.spiritus_cost
play-italian-dagger-third-remedy-cover,Third Remedy Cover,game_implementation.mechanics.test_resolution
play-italian-dagger-third-remedy-cover,Third Remedy Cover,game_implementation.mechanics.defence
play-italian-dagger-third-remedy-cover,Third Remedy Cover,game_implementation.mechanics.success
play-italian-dagger-third-remedy-cover,Third Remedy Cover,game_implementation.mechanics.failure
play-italian-dagger-third-remedy-cover,Third Remedy Cover,game_implementation.mechanics.aftermath
play-italian-dagger-third-remedy-cover,Third Remedy Cover,game_implementation.mechanics.limits
play-italian-longsword-colpo-di-villano,Colpo di Villano,historical_identity.historical_confidence
play-italian-longsword-colpo-di-villano,Colpo di Villano,historical_identity.source_citations.exact_historical_location
play-italian-longsword-colpo-di-villano,Colpo di Villano,game_implementation.character_sheet_test_skill
play-italian-longsword-colpo-di-villano,Colpo di Villano,game_implementation.secondary_skill_prerequisites
play-italian-longsword-colpo-di-villano,Colpo di Villano,game_implementation.weapon_requirements
play-italian-longsword-colpo-di-villano,Colpo di Villano,game_implementation.off_hand_requirement
play-italian-longsword-colpo-di-villano,Colpo di Villano,game_implementation.timing.category
play-italian-longsword-colpo-di-villano,Colpo di Villano,game_implementation.mechanics.learn_requirements
play-italian-longsword-colpo-di-villano,Colpo di Villano,game_implementation.mechanics.use_conditions
play-italian-longsword-colpo-di-villano,Colpo di Villano,game_implementation.mechanics.action_relationship
play-italian-longsword-colpo-di-villano,Colpo di Villano,game_implementation.mechanics.spiritus_cost
play-italian-longsword-colpo-di-villano,Colpo di Villano,game_implementation.mechanics.test_resolution
play-italian-longsword-colpo-di-villano,Colpo di Villano,game_implementation.mechanics.defence
play-italian-longsword-colpo-di-villano,Colpo di Villano,game_implementation.mechanics.success
play-italian-longsword-colpo-di-villano,Colpo di Villano,game_implementation.mechanics.failure
play-italian-longsword-colpo-di-villano,Colpo di Villano,game_implementation.mechanics.aftermath
play-italian-longsword-colpo-di-villano,Colpo di Villano,game_implementation.mechanics.limits
play-italian-longsword-crossing-throw,Crossing Throw,historical_identity.historical_confidence
play-italian-longsword-crossing-throw,Crossing Throw,historical_identity.source_citations.exact_historical_location
play-italian-longsword-crossing-throw,Crossing Throw,game_implementation.character_sheet_test_skill
play-italian-longsword-crossing-throw,Crossing Throw,game_implementation.secondary_skill_prerequisites
play-italian-longsword-crossing-throw,Crossing Throw,game_implementation.weapon_requirements
play-italian-longsword-crossing-throw,Crossing Throw,game_implementation.off_hand_requirement
play-italian-longsword-crossing-throw,Crossing Throw,game_implementation.timing.category
play-italian-longsword-crossing-throw,Crossing Throw,game_implementation.mechanics.learn_requirements
play-italian-longsword-crossing-throw,Crossing Throw,game_implementation.mechanics.use_conditions
play-italian-longsword-crossing-throw,Crossing Throw,game_implementation.mechanics.action_relationship
play-italian-longsword-crossing-throw,Crossing Throw,game_implementation.mechanics.spiritus_cost
play-italian-longsword-crossing-throw,Crossing Throw,game_implementation.mechanics.test_resolution
play-italian-longsword-crossing-throw,Crossing Throw,game_implementation.mechanics.defence
play-italian-longsword-crossing-throw,Crossing Throw,game_implementation.mechanics.success
play-italian-longsword-crossing-throw,Crossing Throw,game_implementation.mechanics.failure
play-italian-longsword-crossing-throw,Crossing Throw,game_implementation.mechanics.aftermath
play-italian-longsword-crossing-throw,Crossing Throw,game_implementation.mechanics.limits
play-italian-longsword-cuts-against-many,Cuts Against Many,historical_identity.historical_confidence
play-italian-longsword-cuts-against-many,Cuts Against Many,historical_identity.source_citations.exact_historical_location
play-italian-longsword-cuts-against-many,Cuts Against Many,game_implementation.character_sheet_test_skill
play-italian-longsword-cuts-against-many,Cuts Against Many,game_implementation.secondary_skill_prerequisites
play-italian-longsword-cuts-against-many,Cuts Against Many,game_implementation.weapon_requirements
play-italian-longsword-cuts-against-many,Cuts Against Many,game_implementation.off_hand_requirement
play-italian-longsword-cuts-against-many,Cuts Against Many,game_implementation.timing.category
play-italian-longsword-cuts-against-many,Cuts Against Many,game_implementation.mechanics.learn_requirements
play-italian-longsword-cuts-against-many,Cuts Against Many,game_implementation.mechanics.use_conditions
play-italian-longsword-cuts-against-many,Cuts Against Many,game_implementation.mechanics.action_relationship
play-italian-longsword-cuts-against-many,Cuts Against Many,game_implementation.mechanics.spiritus_cost
play-italian-longsword-cuts-against-many,Cuts Against Many,game_implementation.mechanics.test_resolution
play-italian-longsword-cuts-against-many,Cuts Against Many,game_implementation.mechanics.defence
play-italian-longsword-cuts-against-many,Cuts Against Many,game_implementation.mechanics.success
play-italian-longsword-cuts-against-many,Cuts Against Many,game_implementation.mechanics.failure
play-italian-longsword-cuts-against-many,Cuts Against Many,game_implementation.mechanics.aftermath
play-italian-longsword-cuts-against-many,Cuts Against Many,game_implementation.mechanics.limits
play-italian-longsword-elbow-push-and-face-cut,Elbow Push and Face Cut,historical_identity.historical_confidence
play-italian-longsword-elbow-push-and-face-cut,Elbow Push and Face Cut,historical_identity.source_citations.exact_historical_location
play-italian-longsword-elbow-push-and-face-cut,Elbow Push and Face Cut,game_implementation.character_sheet_test_skill
play-italian-longsword-elbow-push-and-face-cut,Elbow Push and Face Cut,game_implementation.secondary_skill_prerequisites
play-italian-longsword-elbow-push-and-face-cut,Elbow Push and Face Cut,game_implementation.weapon_requirements
play-italian-longsword-elbow-push-and-face-cut,Elbow Push and Face Cut,game_implementation.off_hand_requirement
play-italian-longsword-elbow-push-and-face-cut,Elbow Push and Face Cut,game_implementation.timing.category
play-italian-longsword-elbow-push-and-face-cut,Elbow Push and Face Cut,game_implementation.mechanics.learn_requirements
play-italian-longsword-elbow-push-and-face-cut,Elbow Push and Face Cut,game_implementation.mechanics.use_conditions
play-italian-longsword-elbow-push-and-face-cut,Elbow Push and Face Cut,game_implementation.mechanics.action_relationship
play-italian-longsword-elbow-push-and-face-cut,Elbow Push and Face Cut,game_implementation.mechanics.spiritus_cost
play-italian-longsword-elbow-push-and-face-cut,Elbow Push and Face Cut,game_implementation.mechanics.test_resolution
play-italian-longsword-elbow-push-and-face-cut,Elbow Push and Face Cut,game_implementation.mechanics.defence
play-italian-longsword-elbow-push-and-face-cut,Elbow Push and Face Cut,game_implementation.mechanics.success
play-italian-longsword-elbow-push-and-face-cut,Elbow Push and Face Cut,game_implementation.mechanics.failure
play-italian-longsword-elbow-push-and-face-cut,Elbow Push and Face Cut,game_implementation.mechanics.aftermath
play-italian-longsword-elbow-push-and-face-cut,Elbow Push and Face Cut,game_implementation.mechanics.limits
play-italian-longsword-false-point,False Point,historical_identity.historical_confidence
play-italian-longsword-false-point,False Point,historical_identity.source_citations.exact_historical_location
play-italian-longsword-false-point,False Point,game_implementation.character_sheet_test_skill
play-italian-longsword-false-point,False Point,game_implementation.secondary_skill_prerequisites
play-italian-longsword-false-point,False Point,game_implementation.weapon_requirements
play-italian-longsword-false-point,False Point,game_implementation.off_hand_requirement
play-italian-longsword-false-point,False Point,game_implementation.timing.category
play-italian-longsword-false-point,False Point,game_implementation.mechanics.learn_requirements
play-italian-longsword-false-point,False Point,game_implementation.mechanics.use_conditions
play-italian-longsword-false-point,False Point,game_implementation.mechanics.action_relationship
play-italian-longsword-false-point,False Point,game_implementation.mechanics.spiritus_cost
play-italian-longsword-false-point,False Point,game_implementation.mechanics.test_resolution
play-italian-longsword-false-point,False Point,game_implementation.mechanics.defence
play-italian-longsword-false-point,False Point,game_implementation.mechanics.success
play-italian-longsword-false-point,False Point,game_implementation.mechanics.failure
play-italian-longsword-false-point,False Point,game_implementation.mechanics.aftermath
play-italian-longsword-false-point,False Point,game_implementation.mechanics.limits
play-italian-longsword-frontale-corona-crossing,Frontale / Corona Crossing,game_implementation.character_sheet_test_skill
play-italian-longsword-frontale-corona-crossing,Frontale / Corona Crossing,game_implementation.secondary_skill_prerequisites
play-italian-longsword-frontale-corona-crossing,Frontale / Corona Crossing,game_implementation.weapon_requirements
play-italian-longsword-frontale-corona-crossing,Frontale / Corona Crossing,game_implementation.off_hand_requirement
play-italian-longsword-frontale-corona-crossing,Frontale / Corona Crossing,game_implementation.timing.category
play-italian-longsword-frontale-corona-crossing,Frontale / Corona Crossing,game_implementation.mechanics.learn_requirements
play-italian-longsword-frontale-corona-crossing,Frontale / Corona Crossing,game_implementation.mechanics.use_conditions
play-italian-longsword-frontale-corona-crossing,Frontale / Corona Crossing,game_implementation.mechanics.action_relationship
play-italian-longsword-frontale-corona-crossing,Frontale / Corona Crossing,game_implementation.mechanics.spiritus_cost
play-italian-longsword-frontale-corona-crossing,Frontale / Corona Crossing,game_implementation.mechanics.test_resolution
play-italian-longsword-frontale-corona-crossing,Frontale / Corona Crossing,game_implementation.mechanics.defence
play-italian-longsword-frontale-corona-crossing,Frontale / Corona Crossing,game_implementation.mechanics.success
play-italian-longsword-frontale-corona-crossing,Frontale / Corona Crossing,game_implementation.mechanics.failure
play-italian-longsword-frontale-corona-crossing,Frontale / Corona Crossing,game_implementation.mechanics.aftermath
play-italian-longsword-frontale-corona-crossing,Frontale / Corona Crossing,game_implementation.mechanics.limits
play-italian-longsword-half-sword-thrust,Half-Sword Thrust,historical_identity.historical_confidence
play-italian-longsword-half-sword-thrust,Half-Sword Thrust,historical_identity.source_citations.exact_historical_location
play-italian-longsword-half-sword-thrust,Half-Sword Thrust,game_implementation.character_sheet_test_skill
play-italian-longsword-half-sword-thrust,Half-Sword Thrust,game_implementation.secondary_skill_prerequisites
play-italian-longsword-half-sword-thrust,Half-Sword Thrust,game_implementation.weapon_requirements
play-italian-longsword-half-sword-thrust,Half-Sword Thrust,game_implementation.off_hand_requirement
play-italian-longsword-half-sword-thrust,Half-Sword Thrust,game_implementation.timing.category
play-italian-longsword-half-sword-thrust,Half-Sword Thrust,game_implementation.mechanics.learn_requirements
play-italian-longsword-half-sword-thrust,Half-Sword Thrust,game_implementation.mechanics.use_conditions
play-italian-longsword-half-sword-thrust,Half-Sword Thrust,game_implementation.mechanics.action_relationship
play-italian-longsword-half-sword-thrust,Half-Sword Thrust,game_implementation.mechanics.spiritus_cost
play-italian-longsword-half-sword-thrust,Half-Sword Thrust,game_implementation.mechanics.test_resolution
play-italian-longsword-half-sword-thrust,Half-Sword Thrust,game_implementation.mechanics.defence
play-italian-longsword-half-sword-thrust,Half-Sword Thrust,game_implementation.mechanics.success
play-italian-longsword-half-sword-thrust,Half-Sword Thrust,game_implementation.mechanics.failure
play-italian-longsword-half-sword-thrust,Half-Sword Thrust,game_implementation.mechanics.aftermath
play-italian-longsword-half-sword-thrust,Half-Sword Thrust,game_implementation.mechanics.limits
play-italian-longsword-pommel-strike,Pommel Strike,game_implementation.secondary_skill_prerequisites
play-italian-longsword-pommel-strike,Pommel Strike,game_implementation.timing.category
play-italian-longsword-rompere-di-punta,Rompere di Punta,historical_identity.historical_confidence
play-italian-longsword-rompere-di-punta,Rompere di Punta,historical_identity.source_citations.exact_historical_location
play-italian-longsword-rompere-di-punta,Rompere di Punta,game_implementation.character_sheet_test_skill
play-italian-longsword-rompere-di-punta,Rompere di Punta,game_implementation.secondary_skill_prerequisites
play-italian-longsword-rompere-di-punta,Rompere di Punta,game_implementation.weapon_requirements
play-italian-longsword-rompere-di-punta,Rompere di Punta,game_implementation.off_hand_requirement
play-italian-longsword-rompere-di-punta,Rompere di Punta,game_implementation.timing.category
play-italian-longsword-rompere-di-punta,Rompere di Punta,game_implementation.mechanics.learn_requirements
play-italian-longsword-rompere-di-punta,Rompere di Punta,game_implementation.mechanics.use_conditions
play-italian-longsword-rompere-di-punta,Rompere di Punta,game_implementation.mechanics.action_relationship
play-italian-longsword-rompere-di-punta,Rompere di Punta,game_implementation.mechanics.spiritus_cost
play-italian-longsword-rompere-di-punta,Rompere di Punta,game_implementation.mechanics.test_resolution
play-italian-longsword-rompere-di-punta,Rompere di Punta,game_implementation.mechanics.defence
play-italian-longsword-rompere-di-punta,Rompere di Punta,game_implementation.mechanics.success
play-italian-longsword-rompere-di-punta,Rompere di Punta,game_implementation.mechanics.failure
play-italian-longsword-rompere-di-punta,Rompere di Punta,game_implementation.mechanics.aftermath
play-italian-longsword-rompere-di-punta,Rompere di Punta,game_implementation.mechanics.limits
play-italian-longsword-scambiar-di-punta,Scambiar di Punta,game_implementation.character_sheet_test_skill
play-italian-longsword-scambiar-di-punta,Scambiar di Punta,game_implementation.secondary_skill_prerequisites
play-italian-longsword-scambiar-di-punta,Scambiar di Punta,game_implementation.weapon_requirements
play-italian-longsword-scambiar-di-punta,Scambiar di Punta,game_implementation.off_hand_requirement
play-italian-longsword-scambiar-di-punta,Scambiar di Punta,game_implementation.timing.category
play-italian-longsword-scambiar-di-punta,Scambiar di Punta,game_implementation.mechanics.learn_requirements
play-italian-longsword-scambiar-di-punta,Scambiar di Punta,game_implementation.mechanics.use_conditions
play-italian-longsword-scambiar-di-punta,Scambiar di Punta,game_implementation.mechanics.action_relationship
play-italian-longsword-scambiar-di-punta,Scambiar di Punta,game_implementation.mechanics.spiritus_cost
play-italian-longsword-scambiar-di-punta,Scambiar di Punta,game_implementation.mechanics.test_resolution
play-italian-longsword-scambiar-di-punta,Scambiar di Punta,game_implementation.mechanics.defence
play-italian-longsword-scambiar-di-punta,Scambiar di Punta,game_implementation.mechanics.success
play-italian-longsword-scambiar-di-punta,Scambiar di Punta,game_implementation.mechanics.failure
play-italian-longsword-scambiar-di-punta,Scambiar di Punta,game_implementation.mechanics.aftermath
play-italian-longsword-scambiar-di-punta,Scambiar di Punta,game_implementation.mechanics.limits
play-italian-longsword-strong-key-with-the-sword,Strong Key with the Sword,historical_identity.historical_confidence
play-italian-longsword-strong-key-with-the-sword,Strong Key with the Sword,historical_identity.source_citations.exact_historical_location
play-italian-longsword-strong-key-with-the-sword,Strong Key with the Sword,game_implementation.character_sheet_test_skill
play-italian-longsword-strong-key-with-the-sword,Strong Key with the Sword,game_implementation.secondary_skill_prerequisites
play-italian-longsword-strong-key-with-the-sword,Strong Key with the Sword,game_implementation.weapon_requirements
play-italian-longsword-strong-key-with-the-sword,Strong Key with the Sword,game_implementation.off_hand_requirement
play-italian-longsword-strong-key-with-the-sword,Strong Key with the Sword,game_implementation.timing.category
play-italian-longsword-strong-key-with-the-sword,Strong Key with the Sword,game_implementation.mechanics.learn_requirements
play-italian-longsword-strong-key-with-the-sword,Strong Key with the Sword,game_implementation.mechanics.use_conditions
play-italian-longsword-strong-key-with-the-sword,Strong Key with the Sword,game_implementation.mechanics.action_relationship
play-italian-longsword-strong-key-with-the-sword,Strong Key with the Sword,game_implementation.mechanics.spiritus_cost
play-italian-longsword-strong-key-with-the-sword,Strong Key with the Sword,game_implementation.mechanics.test_resolution
play-italian-longsword-strong-key-with-the-sword,Strong Key with the Sword,game_implementation.mechanics.defence
play-italian-longsword-strong-key-with-the-sword,Strong Key with the Sword,game_implementation.mechanics.success
play-italian-longsword-strong-key-with-the-sword,Strong Key with the Sword,game_implementation.mechanics.failure
play-italian-longsword-strong-key-with-the-sword,Strong Key with the Sword,game_implementation.mechanics.aftermath
play-italian-longsword-strong-key-with-the-sword,Strong Key with the Sword,game_implementation.mechanics.limits
play-italian-longsword-sword-taking,Sword Taking,historical_identity.historical_confidence
play-italian-longsword-sword-taking,Sword Taking,historical_identity.source_citations.exact_historical_location
play-italian-longsword-sword-taking,Sword Taking,game_implementation.character_sheet_test_skill
play-italian-longsword-sword-taking,Sword Taking,game_implementation.secondary_skill_prerequisites
play-italian-longsword-sword-taking,Sword Taking,game_implementation.weapon_requirements
play-italian-longsword-sword-taking,Sword Taking,game_implementation.off_hand_requirement
play-italian-longsword-sword-taking,Sword Taking,game_implementation.timing.category
play-italian-longsword-sword-taking,Sword Taking,game_implementation.mechanics.learn_requirements
play-italian-longsword-sword-taking,Sword Taking,game_implementation.mechanics.use_conditions
play-italian-longsword-sword-taking,Sword Taking,game_implementation.mechanics.action_relationship
play-italian-longsword-sword-taking,Sword Taking,game_implementation.mechanics.spiritus_cost
play-italian-longsword-sword-taking,Sword Taking,game_implementation.mechanics.test_resolution
play-italian-longsword-sword-taking,Sword Taking,game_implementation.mechanics.defence
play-italian-longsword-sword-taking,Sword Taking,game_implementation.mechanics.success
play-italian-longsword-sword-taking,Sword Taking,game_implementation.mechanics.failure
play-italian-longsword-sword-taking,Sword Taking,game_implementation.mechanics.aftermath
play-italian-longsword-sword-taking,Sword Taking,game_implementation.mechanics.limits
play-italian-longsword-wide-crossing-arm-cut,Wide Crossing Arm Cut,historical_identity.historical_confidence
play-italian-longsword-wide-crossing-arm-cut,Wide Crossing Arm Cut,historical_identity.source_citations.exact_historical_location
play-italian-longsword-wide-crossing-arm-cut,Wide Crossing Arm Cut,game_implementation.character_sheet_test_skill
play-italian-longsword-wide-crossing-arm-cut,Wide Crossing Arm Cut,game_implementation.secondary_skill_prerequisites
play-italian-longsword-wide-crossing-arm-cut,Wide Crossing Arm Cut,game_implementation.weapon_requirements
play-italian-longsword-wide-crossing-arm-cut,Wide Crossing Arm Cut,game_implementation.off_hand_requirement
play-italian-longsword-wide-crossing-arm-cut,Wide Crossing Arm Cut,game_implementation.timing.category
play-italian-longsword-wide-crossing-arm-cut,Wide Crossing Arm Cut,game_implementation.mechanics.learn_requirements
play-italian-longsword-wide-crossing-arm-cut,Wide Crossing Arm Cut,game_implementation.mechanics.use_conditions
play-italian-longsword-wide-crossing-arm-cut,Wide Crossing Arm Cut,game_implementation.mechanics.action_relationship
play-italian-longsword-wide-crossing-arm-cut,Wide Crossing Arm Cut,game_implementation.mechanics.spiritus_cost
play-italian-longsword-wide-crossing-arm-cut,Wide Crossing Arm Cut,game_implementation.mechanics.test_resolution
play-italian-longsword-wide-crossing-arm-cut,Wide Crossing Arm Cut,game_implementation.mechanics.defence
play-italian-longsword-wide-crossing-arm-cut,Wide Crossing Arm Cut,game_implementation.mechanics.success
play-italian-longsword-wide-crossing-arm-cut,Wide Crossing Arm Cut,game_implementation.mechanics.failure
play-italian-longsword-wide-crossing-arm-cut,Wide Crossing Arm Cut,game_implementation.mechanics.aftermath
play-italian-longsword-wide-crossing-arm-cut,Wide Crossing Arm Cut,game_implementation.mechanics.limits
play-italian-polearms-poleaxe-and-halberd-boars-tooth-rising-counter,Boar’s Tooth Rising Counter,historical_identity.historical_confidence
play-italian-polearms-poleaxe-and-halberd-boars-tooth-rising-counter,Boar’s Tooth Rising Counter,historical_identity.source_citations.exact_historical_location
play-italian-polearms-poleaxe-and-halberd-boars-tooth-rising-counter,Boar’s Tooth Rising Counter,game_implementation.character_sheet_test_skill
play-italian-polearms-poleaxe-and-halberd-boars-tooth-rising-counter,Boar’s Tooth Rising Counter,game_implementation.secondary_skill_prerequisites
play-italian-polearms-poleaxe-and-halberd-boars-tooth-rising-counter,Boar’s Tooth Rising Counter,game_implementation.weapon_requirements
play-italian-polearms-poleaxe-and-halberd-boars-tooth-rising-counter,Boar’s Tooth Rising Counter,game_implementation.off_hand_requirement
play-italian-polearms-poleaxe-and-halberd-boars-tooth-rising-counter,Boar’s Tooth Rising Counter,game_implementation.timing.category
play-italian-polearms-poleaxe-and-halberd-boars-tooth-rising-counter,Boar’s Tooth Rising Counter,game_implementation.mechanics.learn_requirements
play-italian-polearms-poleaxe-and-halberd-boars-tooth-rising-counter,Boar’s Tooth Rising Counter,game_implementation.mechanics.use_conditions
play-italian-polearms-poleaxe-and-halberd-boars-tooth-rising-counter,Boar’s Tooth Rising Counter,game_implementation.mechanics.action_relationship
play-italian-polearms-poleaxe-and-halberd-boars-tooth-rising-counter,Boar’s Tooth Rising Counter,game_implementation.mechanics.spiritus_cost
play-italian-polearms-poleaxe-and-halberd-boars-tooth-rising-counter,Boar’s Tooth Rising Counter,game_implementation.mechanics.test_resolution
play-italian-polearms-poleaxe-and-halberd-boars-tooth-rising-counter,Boar’s Tooth Rising Counter,game_implementation.mechanics.defence
play-italian-polearms-poleaxe-and-halberd-boars-tooth-rising-counter,Boar’s Tooth Rising Counter,game_implementation.mechanics.success
play-italian-polearms-poleaxe-and-halberd-boars-tooth-rising-counter,Boar’s Tooth Rising Counter,game_implementation.mechanics.failure
play-italian-polearms-poleaxe-and-halberd-boars-tooth-rising-counter,Boar’s Tooth Rising Counter,game_implementation.mechanics.aftermath
play-italian-polearms-poleaxe-and-halberd-boars-tooth-rising-counter,Boar’s Tooth Rising Counter,game_implementation.mechanics.limits
play-italian-polearms-poleaxe-and-halberd-close-poleaxe-grapple,Close Poleaxe Grapple,historical_identity.historical_confidence
play-italian-polearms-poleaxe-and-halberd-close-poleaxe-grapple,Close Poleaxe Grapple,historical_identity.source_citations.exact_historical_location
play-italian-polearms-poleaxe-and-halberd-close-poleaxe-grapple,Close Poleaxe Grapple,game_implementation.character_sheet_test_skill
play-italian-polearms-poleaxe-and-halberd-close-poleaxe-grapple,Close Poleaxe Grapple,game_implementation.secondary_skill_prerequisites
play-italian-polearms-poleaxe-and-halberd-close-poleaxe-grapple,Close Poleaxe Grapple,game_implementation.weapon_requirements
play-italian-polearms-poleaxe-and-halberd-close-poleaxe-grapple,Close Poleaxe Grapple,game_implementation.off_hand_requirement
play-italian-polearms-poleaxe-and-halberd-close-poleaxe-grapple,Close Poleaxe Grapple,game_implementation.timing.category
play-italian-polearms-poleaxe-and-halberd-close-poleaxe-grapple,Close Poleaxe Grapple,game_implementation.mechanics.learn_requirements
play-italian-polearms-poleaxe-and-halberd-close-poleaxe-grapple,Close Poleaxe Grapple,game_implementation.mechanics.use_conditions
play-italian-polearms-poleaxe-and-halberd-close-poleaxe-grapple,Close Poleaxe Grapple,game_implementation.mechanics.action_relationship
play-italian-polearms-poleaxe-and-halberd-close-poleaxe-grapple,Close Poleaxe Grapple,game_implementation.mechanics.spiritus_cost
play-italian-polearms-poleaxe-and-halberd-close-poleaxe-grapple,Close Poleaxe Grapple,game_implementation.mechanics.test_resolution
play-italian-polearms-poleaxe-and-halberd-close-poleaxe-grapple,Close Poleaxe Grapple,game_implementation.mechanics.defence
play-italian-polearms-poleaxe-and-halberd-close-poleaxe-grapple,Close Poleaxe Grapple,game_implementation.mechanics.success
play-italian-polearms-poleaxe-and-halberd-close-poleaxe-grapple,Close Poleaxe Grapple,game_implementation.mechanics.failure
play-italian-polearms-poleaxe-and-halberd-close-poleaxe-grapple,Close Poleaxe Grapple,game_implementation.mechanics.aftermath
play-italian-polearms-poleaxe-and-halberd-close-poleaxe-grapple,Close Poleaxe Grapple,game_implementation.mechanics.limits
play-italian-polearms-poleaxe-and-halberd-hook-and-pull,Hook and Pull,historical_identity.historical_confidence
play-italian-polearms-poleaxe-and-halberd-hook-and-pull,Hook and Pull,historical_identity.source_citations.exact_historical_location
play-italian-polearms-poleaxe-and-halberd-hook-and-pull,Hook and Pull,game_implementation.character_sheet_test_skill
play-italian-polearms-poleaxe-and-halberd-hook-and-pull,Hook and Pull,game_implementation.secondary_skill_prerequisites
play-italian-polearms-poleaxe-and-halberd-hook-and-pull,Hook and Pull,game_implementation.weapon_requirements
play-italian-polearms-poleaxe-and-halberd-hook-and-pull,Hook and Pull,game_implementation.off_hand_requirement
play-italian-polearms-poleaxe-and-halberd-hook-and-pull,Hook and Pull,game_implementation.timing.category
play-italian-polearms-poleaxe-and-halberd-hook-and-pull,Hook and Pull,game_implementation.mechanics.learn_requirements
play-italian-polearms-poleaxe-and-halberd-hook-and-pull,Hook and Pull,game_implementation.mechanics.use_conditions
play-italian-polearms-poleaxe-and-halberd-hook-and-pull,Hook and Pull,game_implementation.mechanics.action_relationship
play-italian-polearms-poleaxe-and-halberd-hook-and-pull,Hook and Pull,game_implementation.mechanics.spiritus_cost
play-italian-polearms-poleaxe-and-halberd-hook-and-pull,Hook and Pull,game_implementation.mechanics.test_resolution
play-italian-polearms-poleaxe-and-halberd-hook-and-pull,Hook and Pull,game_implementation.mechanics.defence
play-italian-polearms-poleaxe-and-halberd-hook-and-pull,Hook and Pull,game_implementation.mechanics.success
play-italian-polearms-poleaxe-and-halberd-hook-and-pull,Hook and Pull,game_implementation.mechanics.failure
play-italian-polearms-poleaxe-and-halberd-hook-and-pull,Hook and Pull,game_implementation.mechanics.aftermath
play-italian-polearms-poleaxe-and-halberd-hook-and-pull,Hook and Pull,game_implementation.mechanics.limits
play-italian-polearms-poleaxe-and-halberd-ladys-heavy-blow,Lady’s Heavy Blow,historical_identity.historical_confidence
play-italian-polearms-poleaxe-and-halberd-ladys-heavy-blow,Lady’s Heavy Blow,historical_identity.source_citations.exact_historical_location
play-italian-polearms-poleaxe-and-halberd-ladys-heavy-blow,Lady’s Heavy Blow,game_implementation.character_sheet_test_skill
play-italian-polearms-poleaxe-and-halberd-ladys-heavy-blow,Lady’s Heavy Blow,game_implementation.secondary_skill_prerequisites
play-italian-polearms-poleaxe-and-halberd-ladys-heavy-blow,Lady’s Heavy Blow,game_implementation.weapon_requirements
play-italian-polearms-poleaxe-and-halberd-ladys-heavy-blow,Lady’s Heavy Blow,game_implementation.off_hand_requirement
play-italian-polearms-poleaxe-and-halberd-ladys-heavy-blow,Lady’s Heavy Blow,game_implementation.timing.category
play-italian-polearms-poleaxe-and-halberd-ladys-heavy-blow,Lady’s Heavy Blow,game_implementation.mechanics.learn_requirements
play-italian-polearms-poleaxe-and-halberd-ladys-heavy-blow,Lady’s Heavy Blow,game_implementation.mechanics.use_conditions
play-italian-polearms-poleaxe-and-halberd-ladys-heavy-blow,Lady’s Heavy Blow,game_implementation.mechanics.action_relationship
play-italian-polearms-poleaxe-and-halberd-ladys-heavy-blow,Lady’s Heavy Blow,game_implementation.mechanics.spiritus_cost
play-italian-polearms-poleaxe-and-halberd-ladys-heavy-blow,Lady’s Heavy Blow,game_implementation.mechanics.test_resolution
play-italian-polearms-poleaxe-and-halberd-ladys-heavy-blow,Lady’s Heavy Blow,game_implementation.mechanics.defence
play-italian-polearms-poleaxe-and-halberd-ladys-heavy-blow,Lady’s Heavy Blow,game_implementation.mechanics.success
play-italian-polearms-poleaxe-and-halberd-ladys-heavy-blow,Lady’s Heavy Blow,game_implementation.mechanics.failure
play-italian-polearms-poleaxe-and-halberd-ladys-heavy-blow,Lady’s Heavy Blow,game_implementation.mechanics.aftermath
play-italian-polearms-poleaxe-and-halberd-ladys-heavy-blow,Lady’s Heavy Blow,game_implementation.mechanics.limits
play-italian-polearms-poleaxe-and-halberd-long-tail-beat-down,Long Tail Beat-Down,historical_identity.historical_confidence
play-italian-polearms-poleaxe-and-halberd-long-tail-beat-down,Long Tail Beat-Down,historical_identity.source_citations.exact_historical_location
play-italian-polearms-poleaxe-and-halberd-long-tail-beat-down,Long Tail Beat-Down,game_implementation.character_sheet_test_skill
play-italian-polearms-poleaxe-and-halberd-long-tail-beat-down,Long Tail Beat-Down,game_implementation.secondary_skill_prerequisites
play-italian-polearms-poleaxe-and-halberd-long-tail-beat-down,Long Tail Beat-Down,game_implementation.weapon_requirements
play-italian-polearms-poleaxe-and-halberd-long-tail-beat-down,Long Tail Beat-Down,game_implementation.off_hand_requirement
play-italian-polearms-poleaxe-and-halberd-long-tail-beat-down,Long Tail Beat-Down,game_implementation.timing.category
play-italian-polearms-poleaxe-and-halberd-long-tail-beat-down,Long Tail Beat-Down,game_implementation.mechanics.learn_requirements
play-italian-polearms-poleaxe-and-halberd-long-tail-beat-down,Long Tail Beat-Down,game_implementation.mechanics.use_conditions
play-italian-polearms-poleaxe-and-halberd-long-tail-beat-down,Long Tail Beat-Down,game_implementation.mechanics.action_relationship
play-italian-polearms-poleaxe-and-halberd-long-tail-beat-down,Long Tail Beat-Down,game_implementation.mechanics.spiritus_cost
play-italian-polearms-poleaxe-and-halberd-long-tail-beat-down,Long Tail Beat-Down,game_implementation.mechanics.test_resolution
play-italian-polearms-poleaxe-and-halberd-long-tail-beat-down,Long Tail Beat-Down,game_implementation.mechanics.defence
play-italian-polearms-poleaxe-and-halberd-long-tail-beat-down,Long Tail Beat-Down,game_implementation.mechanics.success
play-italian-polearms-poleaxe-and-halberd-long-tail-beat-down,Long Tail Beat-Down,game_implementation.mechanics.failure
play-italian-polearms-poleaxe-and-halberd-long-tail-beat-down,Long Tail Beat-Down,game_implementation.mechanics.aftermath
play-italian-polearms-poleaxe-and-halberd-long-tail-beat-down,Long Tail Beat-Down,game_implementation.mechanics.limits
play-italian-polearms-poleaxe-and-halberd-polearm-taking,Polearm Taking,historical_identity.historical_confidence
play-italian-polearms-poleaxe-and-halberd-polearm-taking,Polearm Taking,historical_identity.source_citations.exact_historical_location
play-italian-polearms-poleaxe-and-halberd-polearm-taking,Polearm Taking,game_implementation.character_sheet_test_skill
play-italian-polearms-poleaxe-and-halberd-polearm-taking,Polearm Taking,game_implementation.secondary_skill_prerequisites
play-italian-polearms-poleaxe-and-halberd-polearm-taking,Polearm Taking,game_implementation.weapon_requirements
play-italian-polearms-poleaxe-and-halberd-polearm-taking,Polearm Taking,game_implementation.off_hand_requirement
play-italian-polearms-poleaxe-and-halberd-polearm-taking,Polearm Taking,game_implementation.timing.category
play-italian-polearms-poleaxe-and-halberd-polearm-taking,Polearm Taking,game_implementation.mechanics.learn_requirements
play-italian-polearms-poleaxe-and-halberd-polearm-taking,Polearm Taking,game_implementation.mechanics.use_conditions
play-italian-polearms-poleaxe-and-halberd-polearm-taking,Polearm Taking,game_implementation.mechanics.action_relationship
play-italian-polearms-poleaxe-and-halberd-polearm-taking,Polearm Taking,game_implementation.mechanics.spiritus_cost
play-italian-polearms-poleaxe-and-halberd-polearm-taking,Polearm Taking,game_implementation.mechanics.test_resolution
play-italian-polearms-poleaxe-and-halberd-polearm-taking,Polearm Taking,game_implementation.mechanics.defence
play-italian-polearms-poleaxe-and-halberd-polearm-taking,Polearm Taking,game_implementation.mechanics.success
play-italian-polearms-poleaxe-and-halberd-polearm-taking,Polearm Taking,game_implementation.mechanics.failure
play-italian-polearms-poleaxe-and-halberd-polearm-taking,Polearm Taking,game_implementation.mechanics.aftermath
play-italian-polearms-poleaxe-and-halberd-polearm-taking,Polearm Taking,game_implementation.mechanics.limits
play-italian-polearms-poleaxe-and-halberd-short-serpent,Short Serpent,historical_identity.historical_confidence
play-italian-polearms-poleaxe-and-halberd-short-serpent,Short Serpent,historical_identity.source_citations.exact_historical_location
play-italian-polearms-poleaxe-and-halberd-short-serpent,Short Serpent,game_implementation.character_sheet_test_skill
play-italian-polearms-poleaxe-and-halberd-short-serpent,Short Serpent,game_implementation.secondary_skill_prerequisites
play-italian-polearms-poleaxe-and-halberd-short-serpent,Short Serpent,game_implementation.weapon_requirements
play-italian-polearms-poleaxe-and-halberd-short-serpent,Short Serpent,game_implementation.off_hand_requirement
play-italian-polearms-poleaxe-and-halberd-short-serpent,Short Serpent,game_implementation.timing.category
play-italian-polearms-poleaxe-and-halberd-short-serpent,Short Serpent,game_implementation.mechanics.learn_requirements
play-italian-polearms-poleaxe-and-halberd-short-serpent,Short Serpent,game_implementation.mechanics.use_conditions
play-italian-polearms-poleaxe-and-halberd-short-serpent,Short Serpent,game_implementation.mechanics.action_relationship
play-italian-polearms-poleaxe-and-halberd-short-serpent,Short Serpent,game_implementation.mechanics.spiritus_cost
play-italian-polearms-poleaxe-and-halberd-short-serpent,Short Serpent,game_implementation.mechanics.test_resolution
play-italian-polearms-poleaxe-and-halberd-short-serpent,Short Serpent,game_implementation.mechanics.defence
play-italian-polearms-poleaxe-and-halberd-short-serpent,Short Serpent,game_implementation.mechanics.success
play-italian-polearms-poleaxe-and-halberd-short-serpent,Short Serpent,game_implementation.mechanics.failure
play-italian-polearms-poleaxe-and-halberd-short-serpent,Short Serpent,game_implementation.mechanics.aftermath
play-italian-polearms-poleaxe-and-halberd-short-serpent,Short Serpent,game_implementation.mechanics.limits
play-italian-polearms-poleaxe-and-halberd-true-cross,True Cross,historical_identity.historical_confidence
play-italian-polearms-poleaxe-and-halberd-true-cross,True Cross,historical_identity.source_citations.exact_historical_location
play-italian-polearms-poleaxe-and-halberd-true-cross,True Cross,game_implementation.character_sheet_test_skill
play-italian-polearms-poleaxe-and-halberd-true-cross,True Cross,game_implementation.secondary_skill_prerequisites
play-italian-polearms-poleaxe-and-halberd-true-cross,True Cross,game_implementation.weapon_requirements
play-italian-polearms-poleaxe-and-halberd-true-cross,True Cross,game_implementation.off_hand_requirement
play-italian-polearms-poleaxe-and-halberd-true-cross,True Cross,game_implementation.timing.category
play-italian-polearms-poleaxe-and-halberd-true-cross,True Cross,game_implementation.mechanics.learn_requirements
play-italian-polearms-poleaxe-and-halberd-true-cross,True Cross,game_implementation.mechanics.use_conditions
play-italian-polearms-poleaxe-and-halberd-true-cross,True Cross,game_implementation.mechanics.action_relationship
play-italian-polearms-poleaxe-and-halberd-true-cross,True Cross,game_implementation.mechanics.spiritus_cost
play-italian-polearms-poleaxe-and-halberd-true-cross,True Cross,game_implementation.mechanics.test_resolution
play-italian-polearms-poleaxe-and-halberd-true-cross,True Cross,game_implementation.mechanics.defence
play-italian-polearms-poleaxe-and-halberd-true-cross,True Cross,game_implementation.mechanics.success
play-italian-polearms-poleaxe-and-halberd-true-cross,True Cross,game_implementation.mechanics.failure
play-italian-polearms-poleaxe-and-halberd-true-cross,True Cross,game_implementation.mechanics.aftermath
play-italian-polearms-poleaxe-and-halberd-true-cross,True Cross,game_implementation.mechanics.limits
play-italian-spear-and-staff-beat-and-close,Beat and Close,historical_identity.historical_confidence
play-italian-spear-and-staff-beat-and-close,Beat and Close,historical_identity.source_citations.exact_historical_location
play-italian-spear-and-staff-beat-and-close,Beat and Close,game_implementation.character_sheet_test_skill
play-italian-spear-and-staff-beat-and-close,Beat and Close,game_implementation.secondary_skill_prerequisites
play-italian-spear-and-staff-beat-and-close,Beat and Close,game_implementation.weapon_requirements
play-italian-spear-and-staff-beat-and-close,Beat and Close,game_implementation.off_hand_requirement
play-italian-spear-and-staff-beat-and-close,Beat and Close,game_implementation.timing.category
play-italian-spear-and-staff-beat-and-close,Beat and Close,game_implementation.mechanics.learn_requirements
play-italian-spear-and-staff-beat-and-close,Beat and Close,game_implementation.mechanics.use_conditions
play-italian-spear-and-staff-beat-and-close,Beat and Close,game_implementation.mechanics.action_relationship
play-italian-spear-and-staff-beat-and-close,Beat and Close,game_implementation.mechanics.spiritus_cost
play-italian-spear-and-staff-beat-and-close,Beat and Close,game_implementation.mechanics.test_resolution
play-italian-spear-and-staff-beat-and-close,Beat and Close,game_implementation.mechanics.defence
play-italian-spear-and-staff-beat-and-close,Beat and Close,game_implementation.mechanics.success
play-italian-spear-and-staff-beat-and-close,Beat and Close,game_implementation.mechanics.failure
play-italian-spear-and-staff-beat-and-close,Beat and Close,game_implementation.mechanics.aftermath
play-italian-spear-and-staff-beat-and-close,Beat and Close,game_implementation.mechanics.limits
play-italian-spear-and-staff-boars-tooth-rising-thrust,Boar’s Tooth Rising Thrust,historical_identity.historical_confidence
play-italian-spear-and-staff-boars-tooth-rising-thrust,Boar’s Tooth Rising Thrust,historical_identity.source_citations.exact_historical_location
play-italian-spear-and-staff-boars-tooth-rising-thrust,Boar’s Tooth Rising Thrust,game_implementation.character_sheet_test_skill
play-italian-spear-and-staff-boars-tooth-rising-thrust,Boar’s Tooth Rising Thrust,game_implementation.secondary_skill_prerequisites
play-italian-spear-and-staff-boars-tooth-rising-thrust,Boar’s Tooth Rising Thrust,game_implementation.weapon_requirements
play-italian-spear-and-staff-boars-tooth-rising-thrust,Boar’s Tooth Rising Thrust,game_implementation.off_hand_requirement
play-italian-spear-and-staff-boars-tooth-rising-thrust,Boar’s Tooth Rising Thrust,game_implementation.timing.category
play-italian-spear-and-staff-boars-tooth-rising-thrust,Boar’s Tooth Rising Thrust,game_implementation.mechanics.learn_requirements
play-italian-spear-and-staff-boars-tooth-rising-thrust,Boar’s Tooth Rising Thrust,game_implementation.mechanics.use_conditions
play-italian-spear-and-staff-boars-tooth-rising-thrust,Boar’s Tooth Rising Thrust,game_implementation.mechanics.action_relationship
play-italian-spear-and-staff-boars-tooth-rising-thrust,Boar’s Tooth Rising Thrust,game_implementation.mechanics.spiritus_cost
play-italian-spear-and-staff-boars-tooth-rising-thrust,Boar’s Tooth Rising Thrust,game_implementation.mechanics.test_resolution
play-italian-spear-and-staff-boars-tooth-rising-thrust,Boar’s Tooth Rising Thrust,game_implementation.mechanics.defence
play-italian-spear-and-staff-boars-tooth-rising-thrust,Boar’s Tooth Rising Thrust,game_implementation.mechanics.success
play-italian-spear-and-staff-boars-tooth-rising-thrust,Boar’s Tooth Rising Thrust,game_implementation.mechanics.failure
play-italian-spear-and-staff-boars-tooth-rising-thrust,Boar’s Tooth Rising Thrust,game_implementation.mechanics.aftermath
play-italian-spear-and-staff-boars-tooth-rising-thrust,Boar’s Tooth Rising Thrust,game_implementation.mechanics.limits
play-italian-spear-and-staff-break-the-thrust,Break the Thrust,historical_identity.historical_confidence
play-italian-spear-and-staff-break-the-thrust,Break the Thrust,historical_identity.source_citations.exact_historical_location
play-italian-spear-and-staff-break-the-thrust,Break the Thrust,game_implementation.character_sheet_test_skill
play-italian-spear-and-staff-break-the-thrust,Break the Thrust,game_implementation.secondary_skill_prerequisites
play-italian-spear-and-staff-break-the-thrust,Break the Thrust,game_implementation.weapon_requirements
play-italian-spear-and-staff-break-the-thrust,Break the Thrust,game_implementation.off_hand_requirement
play-italian-spear-and-staff-break-the-thrust,Break the Thrust,game_implementation.timing.category
play-italian-spear-and-staff-break-the-thrust,Break the Thrust,game_implementation.mechanics.learn_requirements
play-italian-spear-and-staff-break-the-thrust,Break the Thrust,game_implementation.mechanics.use_conditions
play-italian-spear-and-staff-break-the-thrust,Break the Thrust,game_implementation.mechanics.action_relationship
play-italian-spear-and-staff-break-the-thrust,Break the Thrust,game_implementation.mechanics.spiritus_cost
play-italian-spear-and-staff-break-the-thrust,Break the Thrust,game_implementation.mechanics.test_resolution
play-italian-spear-and-staff-break-the-thrust,Break the Thrust,game_implementation.mechanics.defence
play-italian-spear-and-staff-break-the-thrust,Break the Thrust,game_implementation.mechanics.success
play-italian-spear-and-staff-break-the-thrust,Break the Thrust,game_implementation.mechanics.failure
play-italian-spear-and-staff-break-the-thrust,Break the Thrust,game_implementation.mechanics.aftermath
play-italian-spear-and-staff-break-the-thrust,Break the Thrust,game_implementation.mechanics.limits
play-italian-spear-and-staff-cross-step-counterthrust,Cross-Step Counterthrust,historical_identity.historical_confidence
play-italian-spear-and-staff-cross-step-counterthrust,Cross-Step Counterthrust,historical_identity.source_citations.exact_historical_location
play-italian-spear-and-staff-cross-step-counterthrust,Cross-Step Counterthrust,game_implementation.character_sheet_test_skill
play-italian-spear-and-staff-cross-step-counterthrust,Cross-Step Counterthrust,game_implementation.secondary_skill_prerequisites
play-italian-spear-and-staff-cross-step-counterthrust,Cross-Step Counterthrust,game_implementation.weapon_requirements
play-italian-spear-and-staff-cross-step-counterthrust,Cross-Step Counterthrust,game_implementation.off_hand_requirement
play-italian-spear-and-staff-cross-step-counterthrust,Cross-Step Counterthrust,game_implementation.timing.category
play-italian-spear-and-staff-cross-step-counterthrust,Cross-Step Counterthrust,game_implementation.mechanics.learn_requirements
play-italian-spear-and-staff-cross-step-counterthrust,Cross-Step Counterthrust,game_implementation.mechanics.use_conditions
play-italian-spear-and-staff-cross-step-counterthrust,Cross-Step Counterthrust,game_implementation.mechanics.action_relationship
play-italian-spear-and-staff-cross-step-counterthrust,Cross-Step Counterthrust,game_implementation.mechanics.spiritus_cost
play-italian-spear-and-staff-cross-step-counterthrust,Cross-Step Counterthrust,game_implementation.mechanics.test_resolution
play-italian-spear-and-staff-cross-step-counterthrust,Cross-Step Counterthrust,game_implementation.mechanics.defence
play-italian-spear-and-staff-cross-step-counterthrust,Cross-Step Counterthrust,game_implementation.mechanics.success
play-italian-spear-and-staff-cross-step-counterthrust,Cross-Step Counterthrust,game_implementation.mechanics.failure
play-italian-spear-and-staff-cross-step-counterthrust,Cross-Step Counterthrust,game_implementation.mechanics.aftermath
play-italian-spear-and-staff-cross-step-counterthrust,Cross-Step Counterthrust,game_implementation.mechanics.limits
play-italian-spear-and-staff-exchange-of-thrusts,Exchange of Thrusts,historical_identity.historical_confidence
play-italian-spear-and-staff-exchange-of-thrusts,Exchange of Thrusts,historical_identity.source_citations.exact_historical_location
play-italian-spear-and-staff-exchange-of-thrusts,Exchange of Thrusts,game_implementation.character_sheet_test_skill
play-italian-spear-and-staff-exchange-of-thrusts,Exchange of Thrusts,game_implementation.secondary_skill_prerequisites
play-italian-spear-and-staff-exchange-of-thrusts,Exchange of Thrusts,game_implementation.weapon_requirements
play-italian-spear-and-staff-exchange-of-thrusts,Exchange of Thrusts,game_implementation.off_hand_requirement
play-italian-spear-and-staff-exchange-of-thrusts,Exchange of Thrusts,game_implementation.timing.category
play-italian-spear-and-staff-exchange-of-thrusts,Exchange of Thrusts,game_implementation.mechanics.learn_requirements
play-italian-spear-and-staff-exchange-of-thrusts,Exchange of Thrusts,game_implementation.mechanics.use_conditions
play-italian-spear-and-staff-exchange-of-thrusts,Exchange of Thrusts,game_implementation.mechanics.action_relationship
play-italian-spear-and-staff-exchange-of-thrusts,Exchange of Thrusts,game_implementation.mechanics.spiritus_cost
play-italian-spear-and-staff-exchange-of-thrusts,Exchange of Thrusts,game_implementation.mechanics.test_resolution
play-italian-spear-and-staff-exchange-of-thrusts,Exchange of Thrusts,game_implementation.mechanics.defence
play-italian-spear-and-staff-exchange-of-thrusts,Exchange of Thrusts,game_implementation.mechanics.success
play-italian-spear-and-staff-exchange-of-thrusts,Exchange of Thrusts,game_implementation.mechanics.failure
play-italian-spear-and-staff-exchange-of-thrusts,Exchange of Thrusts,game_implementation.mechanics.aftermath
play-italian-spear-and-staff-exchange-of-thrusts,Exchange of Thrusts,game_implementation.mechanics.limits
play-italian-spear-and-staff-full-iron-gate-beat,Full Iron Gate Beat,historical_identity.historical_confidence
play-italian-spear-and-staff-full-iron-gate-beat,Full Iron Gate Beat,historical_identity.source_citations.exact_historical_location
play-italian-spear-and-staff-full-iron-gate-beat,Full Iron Gate Beat,game_implementation.character_sheet_test_skill
play-italian-spear-and-staff-full-iron-gate-beat,Full Iron Gate Beat,game_implementation.secondary_skill_prerequisites
play-italian-spear-and-staff-full-iron-gate-beat,Full Iron Gate Beat,game_implementation.weapon_requirements
play-italian-spear-and-staff-full-iron-gate-beat,Full Iron Gate Beat,game_implementation.off_hand_requirement
play-italian-spear-and-staff-full-iron-gate-beat,Full Iron Gate Beat,game_implementation.timing.category
play-italian-spear-and-staff-full-iron-gate-beat,Full Iron Gate Beat,game_implementation.mechanics.learn_requirements
play-italian-spear-and-staff-full-iron-gate-beat,Full Iron Gate Beat,game_implementation.mechanics.use_conditions
play-italian-spear-and-staff-full-iron-gate-beat,Full Iron Gate Beat,game_implementation.mechanics.action_relationship
play-italian-spear-and-staff-full-iron-gate-beat,Full Iron Gate Beat,game_implementation.mechanics.spiritus_cost
play-italian-spear-and-staff-full-iron-gate-beat,Full Iron Gate Beat,game_implementation.mechanics.test_resolution
play-italian-spear-and-staff-full-iron-gate-beat,Full Iron Gate Beat,game_implementation.mechanics.defence
play-italian-spear-and-staff-full-iron-gate-beat,Full Iron Gate Beat,game_implementation.mechanics.success
play-italian-spear-and-staff-full-iron-gate-beat,Full Iron Gate Beat,game_implementation.mechanics.failure
play-italian-spear-and-staff-full-iron-gate-beat,Full Iron Gate Beat,game_implementation.mechanics.aftermath
play-italian-spear-and-staff-full-iron-gate-beat,Full Iron Gate Beat,game_implementation.mechanics.limits
play-italian-spear-and-staff-shortened-spear,Shortened Spear,historical_identity.historical_confidence
play-italian-spear-and-staff-shortened-spear,Shortened Spear,historical_identity.source_citations.exact_historical_location
play-italian-spear-and-staff-shortened-spear,Shortened Spear,game_implementation.character_sheet_test_skill
play-italian-spear-and-staff-shortened-spear,Shortened Spear,game_implementation.secondary_skill_prerequisites
play-italian-spear-and-staff-shortened-spear,Shortened Spear,game_implementation.weapon_requirements
play-italian-spear-and-staff-shortened-spear,Shortened Spear,game_implementation.off_hand_requirement
play-italian-spear-and-staff-shortened-spear,Shortened Spear,game_implementation.timing.category
play-italian-spear-and-staff-shortened-spear,Shortened Spear,game_implementation.mechanics.learn_requirements
play-italian-spear-and-staff-shortened-spear,Shortened Spear,game_implementation.mechanics.use_conditions
play-italian-spear-and-staff-shortened-spear,Shortened Spear,game_implementation.mechanics.action_relationship
play-italian-spear-and-staff-shortened-spear,Shortened Spear,game_implementation.mechanics.spiritus_cost
play-italian-spear-and-staff-shortened-spear,Shortened Spear,game_implementation.mechanics.test_resolution
play-italian-spear-and-staff-shortened-spear,Shortened Spear,game_implementation.mechanics.defence
play-italian-spear-and-staff-shortened-spear,Shortened Spear,game_implementation.mechanics.success
play-italian-spear-and-staff-shortened-spear,Shortened Spear,game_implementation.mechanics.failure
play-italian-spear-and-staff-shortened-spear,Shortened Spear,game_implementation.mechanics.aftermath
play-italian-spear-and-staff-shortened-spear,Shortened Spear,game_implementation.mechanics.limits
play-italian-spear-and-staff-withdraw-and-re-thrust,Withdraw and Re-thrust,historical_identity.historical_confidence
play-italian-spear-and-staff-withdraw-and-re-thrust,Withdraw and Re-thrust,historical_identity.source_citations.exact_historical_location
play-italian-spear-and-staff-withdraw-and-re-thrust,Withdraw and Re-thrust,game_implementation.character_sheet_test_skill
play-italian-spear-and-staff-withdraw-and-re-thrust,Withdraw and Re-thrust,game_implementation.secondary_skill_prerequisites
play-italian-spear-and-staff-withdraw-and-re-thrust,Withdraw and Re-thrust,game_implementation.weapon_requirements
play-italian-spear-and-staff-withdraw-and-re-thrust,Withdraw and Re-thrust,game_implementation.off_hand_requirement
play-italian-spear-and-staff-withdraw-and-re-thrust,Withdraw and Re-thrust,game_implementation.timing.category
play-italian-spear-and-staff-withdraw-and-re-thrust,Withdraw and Re-thrust,game_implementation.mechanics.learn_requirements
play-italian-spear-and-staff-withdraw-and-re-thrust,Withdraw and Re-thrust,game_implementation.mechanics.use_conditions
play-italian-spear-and-staff-withdraw-and-re-thrust,Withdraw and Re-thrust,game_implementation.mechanics.action_relationship
play-italian-spear-and-staff-withdraw-and-re-thrust,Withdraw and Re-thrust,game_implementation.mechanics.spiritus_cost
play-italian-spear-and-staff-withdraw-and-re-thrust,Withdraw and Re-thrust,game_implementation.mechanics.test_resolution
play-italian-spear-and-staff-withdraw-and-re-thrust,Withdraw and Re-thrust,game_implementation.mechanics.defence
play-italian-spear-and-staff-withdraw-and-re-thrust,Withdraw and Re-thrust,game_implementation.mechanics.success
play-italian-spear-and-staff-withdraw-and-re-thrust,Withdraw and Re-thrust,game_implementation.mechanics.failure
play-italian-spear-and-staff-withdraw-and-re-thrust,Withdraw and Re-thrust,game_implementation.mechanics.aftermath
play-italian-spear-and-staff-withdraw-and-re-thrust,Withdraw and Re-thrust,game_implementation.mechanics.limits
play-italian-sword-in-one-hand-sword-against-three,Sword Against Three,historical_identity.historical_confidence
play-italian-sword-in-one-hand-sword-against-three,Sword Against Three,historical_identity.source_citations.exact_historical_location
play-italian-sword-in-one-hand-sword-against-three,Sword Against Three,game_implementation.character_sheet_test_skill
play-italian-sword-in-one-hand-sword-against-three,Sword Against Three,game_implementation.secondary_skill_prerequisites
play-italian-sword-in-one-hand-sword-against-three,Sword Against Three,game_implementation.weapon_requirements
play-italian-sword-in-one-hand-sword-against-three,Sword Against Three,game_implementation.off_hand_requirement
play-italian-sword-in-one-hand-sword-against-three,Sword Against Three,game_implementation.timing.category
play-italian-sword-in-one-hand-sword-against-three,Sword Against Three,game_implementation.mechanics.learn_requirements
play-italian-sword-in-one-hand-sword-against-three,Sword Against Three,game_implementation.mechanics.use_conditions
play-italian-sword-in-one-hand-sword-against-three,Sword Against Three,game_implementation.mechanics.action_relationship
play-italian-sword-in-one-hand-sword-against-three,Sword Against Three,game_implementation.mechanics.spiritus_cost
play-italian-sword-in-one-hand-sword-against-three,Sword Against Three,game_implementation.mechanics.test_resolution
play-italian-sword-in-one-hand-sword-against-three,Sword Against Three,game_implementation.mechanics.defence
play-italian-sword-in-one-hand-sword-against-three,Sword Against Three,game_implementation.mechanics.success
play-italian-sword-in-one-hand-sword-against-three,Sword Against Three,game_implementation.mechanics.failure
play-italian-sword-in-one-hand-sword-against-three,Sword Against Three,game_implementation.mechanics.aftermath
play-italian-sword-in-one-hand-sword-against-three,Sword Against Three,game_implementation.mechanics.limits
play-italian-wrestling-body-turn-throw,Body-Turn Throw,historical_identity.historical_confidence
play-italian-wrestling-body-turn-throw,Body-Turn Throw,historical_identity.source_citations.exact_historical_location
play-italian-wrestling-body-turn-throw,Body-Turn Throw,game_implementation.character_sheet_test_skill
play-italian-wrestling-body-turn-throw,Body-Turn Throw,game_implementation.secondary_skill_prerequisites
play-italian-wrestling-body-turn-throw,Body-Turn Throw,game_implementation.weapon_requirements
play-italian-wrestling-body-turn-throw,Body-Turn Throw,game_implementation.off_hand_requirement
play-italian-wrestling-body-turn-throw,Body-Turn Throw,game_implementation.timing.category
play-italian-wrestling-body-turn-throw,Body-Turn Throw,game_implementation.mechanics.learn_requirements
play-italian-wrestling-body-turn-throw,Body-Turn Throw,game_implementation.mechanics.use_conditions
play-italian-wrestling-body-turn-throw,Body-Turn Throw,game_implementation.mechanics.action_relationship
play-italian-wrestling-body-turn-throw,Body-Turn Throw,game_implementation.mechanics.spiritus_cost
play-italian-wrestling-body-turn-throw,Body-Turn Throw,game_implementation.mechanics.test_resolution
play-italian-wrestling-body-turn-throw,Body-Turn Throw,game_implementation.mechanics.defence
play-italian-wrestling-body-turn-throw,Body-Turn Throw,game_implementation.mechanics.success
play-italian-wrestling-body-turn-throw,Body-Turn Throw,game_implementation.mechanics.failure
play-italian-wrestling-body-turn-throw,Body-Turn Throw,game_implementation.mechanics.aftermath
play-italian-wrestling-body-turn-throw,Body-Turn Throw,game_implementation.mechanics.limits
play-italian-wrestling-counter-remedy,Counter-Remedy,historical_identity.historical_confidence
play-italian-wrestling-counter-remedy,Counter-Remedy,historical_identity.source_citations.exact_historical_location
play-italian-wrestling-counter-remedy,Counter-Remedy,game_implementation.character_sheet_test_skill
play-italian-wrestling-counter-remedy,Counter-Remedy,game_implementation.secondary_skill_prerequisites
play-italian-wrestling-counter-remedy,Counter-Remedy,game_implementation.weapon_requirements
play-italian-wrestling-counter-remedy,Counter-Remedy,game_implementation.off_hand_requirement
play-italian-wrestling-counter-remedy,Counter-Remedy,game_implementation.timing.category
play-italian-wrestling-counter-remedy,Counter-Remedy,game_implementation.mechanics.learn_requirements
play-italian-wrestling-counter-remedy,Counter-Remedy,game_implementation.mechanics.use_conditions
play-italian-wrestling-counter-remedy,Counter-Remedy,game_implementation.mechanics.action_relationship
play-italian-wrestling-counter-remedy,Counter-Remedy,game_implementation.mechanics.spiritus_cost
play-italian-wrestling-counter-remedy,Counter-Remedy,game_implementation.mechanics.test_resolution
play-italian-wrestling-counter-remedy,Counter-Remedy,game_implementation.mechanics.defence
play-italian-wrestling-counter-remedy,Counter-Remedy,game_implementation.mechanics.success
play-italian-wrestling-counter-remedy,Counter-Remedy,game_implementation.mechanics.failure
play-italian-wrestling-counter-remedy,Counter-Remedy,game_implementation.mechanics.aftermath
play-italian-wrestling-counter-remedy,Counter-Remedy,game_implementation.mechanics.limits
play-italian-wrestling-elbow-and-shoulder-turn,Elbow-and-Shoulder Turn,historical_identity.historical_confidence
play-italian-wrestling-elbow-and-shoulder-turn,Elbow-and-Shoulder Turn,historical_identity.source_citations.exact_historical_location
play-italian-wrestling-elbow-and-shoulder-turn,Elbow-and-Shoulder Turn,game_implementation.character_sheet_test_skill
play-italian-wrestling-elbow-and-shoulder-turn,Elbow-and-Shoulder Turn,game_implementation.secondary_skill_prerequisites
play-italian-wrestling-elbow-and-shoulder-turn,Elbow-and-Shoulder Turn,game_implementation.weapon_requirements
play-italian-wrestling-elbow-and-shoulder-turn,Elbow-and-Shoulder Turn,game_implementation.off_hand_requirement
play-italian-wrestling-elbow-and-shoulder-turn,Elbow-and-Shoulder Turn,game_implementation.timing.category
play-italian-wrestling-elbow-and-shoulder-turn,Elbow-and-Shoulder Turn,game_implementation.mechanics.learn_requirements
play-italian-wrestling-elbow-and-shoulder-turn,Elbow-and-Shoulder Turn,game_implementation.mechanics.use_conditions
play-italian-wrestling-elbow-and-shoulder-turn,Elbow-and-Shoulder Turn,game_implementation.mechanics.action_relationship
play-italian-wrestling-elbow-and-shoulder-turn,Elbow-and-Shoulder Turn,game_implementation.mechanics.spiritus_cost
play-italian-wrestling-elbow-and-shoulder-turn,Elbow-and-Shoulder Turn,game_implementation.mechanics.test_resolution
play-italian-wrestling-elbow-and-shoulder-turn,Elbow-and-Shoulder Turn,game_implementation.mechanics.defence
play-italian-wrestling-elbow-and-shoulder-turn,Elbow-and-Shoulder Turn,game_implementation.mechanics.success
play-italian-wrestling-elbow-and-shoulder-turn,Elbow-and-Shoulder Turn,game_implementation.mechanics.failure
play-italian-wrestling-elbow-and-shoulder-turn,Elbow-and-Shoulder Turn,game_implementation.mechanics.aftermath
play-italian-wrestling-elbow-and-shoulder-turn,Elbow-and-Shoulder Turn,game_implementation.mechanics.limits
play-italian-wrestling-gain-the-holds,Gain the Holds,historical_identity.historical_confidence
play-italian-wrestling-gain-the-holds,Gain the Holds,historical_identity.source_citations.exact_historical_location
play-italian-wrestling-gain-the-holds,Gain the Holds,game_implementation.character_sheet_test_skill
play-italian-wrestling-gain-the-holds,Gain the Holds,game_implementation.secondary_skill_prerequisites
play-italian-wrestling-gain-the-holds,Gain the Holds,game_implementation.weapon_requirements
play-italian-wrestling-gain-the-holds,Gain the Holds,game_implementation.off_hand_requirement
play-italian-wrestling-gain-the-holds,Gain the Holds,game_implementation.timing.category
play-italian-wrestling-gain-the-holds,Gain the Holds,game_implementation.mechanics.learn_requirements
play-italian-wrestling-gain-the-holds,Gain the Holds,game_implementation.mechanics.use_conditions
play-italian-wrestling-gain-the-holds,Gain the Holds,game_implementation.mechanics.action_relationship
play-italian-wrestling-gain-the-holds,Gain the Holds,game_implementation.mechanics.spiritus_cost
play-italian-wrestling-gain-the-holds,Gain the Holds,game_implementation.mechanics.test_resolution
play-italian-wrestling-gain-the-holds,Gain the Holds,game_implementation.mechanics.defence
play-italian-wrestling-gain-the-holds,Gain the Holds,game_implementation.mechanics.success
play-italian-wrestling-gain-the-holds,Gain the Holds,game_implementation.mechanics.failure
play-italian-wrestling-gain-the-holds,Gain the Holds,game_implementation.mechanics.aftermath
play-italian-wrestling-gain-the-holds,Gain the Holds,game_implementation.mechanics.limits
play-italian-wrestling-lower-bind-strong-key,Lower Bind / Strong Key,historical_identity.historical_confidence
play-italian-wrestling-lower-bind-strong-key,Lower Bind / Strong Key,historical_identity.source_citations.exact_historical_location
play-italian-wrestling-lower-bind-strong-key,Lower Bind / Strong Key,game_implementation.character_sheet_test_skill
play-italian-wrestling-lower-bind-strong-key,Lower Bind / Strong Key,game_implementation.secondary_skill_prerequisites
play-italian-wrestling-lower-bind-strong-key,Lower Bind / Strong Key,game_implementation.weapon_requirements
play-italian-wrestling-lower-bind-strong-key,Lower Bind / Strong Key,game_implementation.off_hand_requirement
play-italian-wrestling-lower-bind-strong-key,Lower Bind / Strong Key,game_implementation.timing.category
play-italian-wrestling-lower-bind-strong-key,Lower Bind / Strong Key,game_implementation.mechanics.learn_requirements
play-italian-wrestling-lower-bind-strong-key,Lower Bind / Strong Key,game_implementation.mechanics.use_conditions
play-italian-wrestling-lower-bind-strong-key,Lower Bind / Strong Key,game_implementation.mechanics.action_relationship
play-italian-wrestling-lower-bind-strong-key,Lower Bind / Strong Key,game_implementation.mechanics.spiritus_cost
play-italian-wrestling-lower-bind-strong-key,Lower Bind / Strong Key,game_implementation.mechanics.test_resolution
play-italian-wrestling-lower-bind-strong-key,Lower Bind / Strong Key,game_implementation.mechanics.defence
play-italian-wrestling-lower-bind-strong-key,Lower Bind / Strong Key,game_implementation.mechanics.success
play-italian-wrestling-lower-bind-strong-key,Lower Bind / Strong Key,game_implementation.mechanics.failure
play-italian-wrestling-lower-bind-strong-key,Lower Bind / Strong Key,game_implementation.mechanics.aftermath
play-italian-wrestling-lower-bind-strong-key,Lower Bind / Strong Key,game_implementation.mechanics.limits
play-italian-wrestling-middle-bind,Middle Bind,historical_identity.historical_confidence
play-italian-wrestling-middle-bind,Middle Bind,historical_identity.source_citations.exact_historical_location
play-italian-wrestling-middle-bind,Middle Bind,game_implementation.character_sheet_test_skill
play-italian-wrestling-middle-bind,Middle Bind,game_implementation.secondary_skill_prerequisites
play-italian-wrestling-middle-bind,Middle Bind,game_implementation.weapon_requirements
play-italian-wrestling-middle-bind,Middle Bind,game_implementation.off_hand_requirement
play-italian-wrestling-middle-bind,Middle Bind,game_implementation.timing.category
play-italian-wrestling-middle-bind,Middle Bind,game_implementation.mechanics.learn_requirements
play-italian-wrestling-middle-bind,Middle Bind,game_implementation.mechanics.use_conditions
play-italian-wrestling-middle-bind,Middle Bind,game_implementation.mechanics.action_relationship
play-italian-wrestling-middle-bind,Middle Bind,game_implementation.mechanics.spiritus_cost
play-italian-wrestling-middle-bind,Middle Bind,game_implementation.mechanics.test_resolution
play-italian-wrestling-middle-bind,Middle Bind,game_implementation.mechanics.defence
play-italian-wrestling-middle-bind,Middle Bind,game_implementation.mechanics.success
play-italian-wrestling-middle-bind,Middle Bind,game_implementation.mechanics.failure
play-italian-wrestling-middle-bind,Middle Bind,game_implementation.mechanics.aftermath
play-italian-wrestling-middle-bind,Middle Bind,game_implementation.mechanics.limits
play-italian-wrestling-throat-and-knee-takedown,Throat-and-Knee Takedown,historical_identity.historical_confidence
play-italian-wrestling-throat-and-knee-takedown,Throat-and-Knee Takedown,historical_identity.source_citations.exact_historical_location
play-italian-wrestling-throat-and-knee-takedown,Throat-and-Knee Takedown,game_implementation.character_sheet_test_skill
play-italian-wrestling-throat-and-knee-takedown,Throat-and-Knee Takedown,game_implementation.secondary_skill_prerequisites
play-italian-wrestling-throat-and-knee-takedown,Throat-and-Knee Takedown,game_implementation.weapon_requirements
play-italian-wrestling-throat-and-knee-takedown,Throat-and-Knee Takedown,game_implementation.off_hand_requirement
play-italian-wrestling-throat-and-knee-takedown,Throat-and-Knee Takedown,game_implementation.timing.category
play-italian-wrestling-throat-and-knee-takedown,Throat-and-Knee Takedown,game_implementation.mechanics.learn_requirements
play-italian-wrestling-throat-and-knee-takedown,Throat-and-Knee Takedown,game_implementation.mechanics.use_conditions
play-italian-wrestling-throat-and-knee-takedown,Throat-and-Knee Takedown,game_implementation.mechanics.action_relationship
play-italian-wrestling-throat-and-knee-takedown,Throat-and-Knee Takedown,game_implementation.mechanics.spiritus_cost
play-italian-wrestling-throat-and-knee-takedown,Throat-and-Knee Takedown,game_implementation.mechanics.test_resolution
play-italian-wrestling-throat-and-knee-takedown,Throat-and-Knee Takedown,game_implementation.mechanics.defence
play-italian-wrestling-throat-and-knee-takedown,Throat-and-Knee Takedown,game_implementation.mechanics.success
play-italian-wrestling-throat-and-knee-takedown,Throat-and-Knee Takedown,game_implementation.mechanics.failure
play-italian-wrestling-throat-and-knee-takedown,Throat-and-Knee Takedown,game_implementation.mechanics.aftermath
play-italian-wrestling-throat-and-knee-takedown,Throat-and-Knee Takedown,game_implementation.mechanics.limits
play-italian-wrestling-upper-bind,Upper Bind,historical_identity.historical_confidence
play-italian-wrestling-upper-bind,Upper Bind,historical_identity.source_citations.exact_historical_location
play-italian-wrestling-upper-bind,Upper Bind,game_implementation.character_sheet_test_skill
play-italian-wrestling-upper-bind,Upper Bind,game_implementation.secondary_skill_prerequisites
play-italian-wrestling-upper-bind,Upper Bind,game_implementation.weapon_requirements
play-italian-wrestling-upper-bind,Upper Bind,game_implementation.off_hand_requirement
play-italian-wrestling-upper-bind,Upper Bind,game_implementation.timing.category
play-italian-wrestling-upper-bind,Upper Bind,game_implementation.mechanics.learn_requirements
play-italian-wrestling-upper-bind,Upper Bind,game_implementation.mechanics.use_conditions
play-italian-wrestling-upper-bind,Upper Bind,game_implementation.mechanics.action_relationship
play-italian-wrestling-upper-bind,Upper Bind,game_implementation.mechanics.spiritus_cost
play-italian-wrestling-upper-bind,Upper Bind,game_implementation.mechanics.test_resolution
play-italian-wrestling-upper-bind,Upper Bind,game_implementation.mechanics.defence
play-italian-wrestling-upper-bind,Upper Bind,game_implementation.mechanics.success
play-italian-wrestling-upper-bind,Upper Bind,game_implementation.mechanics.failure
play-italian-wrestling-upper-bind,Upper Bind,game_implementation.mechanics.aftermath
play-italian-wrestling-upper-bind,Upper Bind,game_implementation.mechanics.limits
